매장명,지역,브랜드명
철원동송점,강원도 철원군 동송읍 금학로 242 (새마을금고) 금학로 242,투썸플레이스
수지동천역점,"경기도 용인시 수지구 신수로 767 (동천동,분당수지U-TOWER) 에이동 1층 에이 104",투썸플레이스
광주오치점,광주광역시 북구 설죽로  328 (오치동),투썸플레이스
철원주상절리점,강원 철원군 갈말읍 군탄리 1226-1,투썸플레이스
별내별가람역점,"경기도 남양주시 덕송1로55번길 22 (별내동) 1층,2층",투썸플레이스
용산트윈시티점,"서울특별시 용산구 한강대로 366 (동자동,트윈시티남산) 1층",투썸플레이스
부천중동역점,경기도 부천시 부일로 322 (중동) 2층,투썸플레이스
인천원당점,인천 서구 원당대로 866,투썸플레이스
가평점,경기 가평군 가평읍 오리나무길 2-1,투썸플레이스
북위례힐스테이트점,경기도 하남시 위례학암로14번길 18 (학암동) 1~2층,투썸플레이스
분당오리역점,"경기도 성남시 분당구 구미로 8 (구미동) 분당M타워,102호",투썸플레이스
부천상동행복점,"경기도 부천시 상동로 75 (상동,한빛프라자) 103호, 201호",투썸플레이스
일산벨라시타점,경기 고양시 일산동구 강송로 33,투썸플레이스
안동옥동점,경북 안동시 옥서로 49,투썸플레이스
김포장기점,경기 김포시 김포한강1로 77-4 1층,투썸플레이스
청주동남점,충청북도 청주시 상당구 중고개로125번길 19 (용암동) 투썸 청주동남점,투썸플레이스
대전법동점,대전 대덕구 동춘당로 187,투썸플레이스
서충주신도시점,충북 충주시 중앙탑면 원앙길 8-14,투썸플레이스
익산중앙점,전라북도 익산시 중앙로 28-1 (중앙동3가),투썸플레이스
신동테크트리점,"경기도 수원시 영통구 신원로 55 (신동, 테크트리영통지식산업센터) 1층 투썸플레이스",투썸플레이스
대구강정보디아크점,대구광역시 달성군 다사읍 강정본길 57 (강정보통합관리센터) 3층,투썸플레이스
제주모슬포점,제주 서귀포시 대정읍 최남단해안로 44,투썸플레이스
종로3가역점,서울 종로구 수표로 106,투썸플레이스
보통리점,경기도 화성시 정남면 보통내길 140 1~2층,투썸플레이스
순화타워점,"서울특별시 중구 세종대로7길 43 (순화동, 순화타워) 43 순화타워 1층",투썸플레이스
평택법원점,경기도 평택시 평남로 1010 (동삭동) 1층,투썸플레이스
장유율하동뫼산점,경상남도 김해시 율하숲길 7,투썸플레이스
인천스퀘어원점,"인천광역시 연수구 청능대로 210 (동춘동, 스퀘어원) 3층",투썸플레이스
광주신가점,광주 광산구 신가동 1036-6번지,투썸플레이스
북대전IC점,대전 유성구 관평동 579번지,투썸플레이스
여의도광복회관점,서울특별시 영등포구 국회대로62길 15 (여의도동) 광복회관 1층,투썸플레이스
판교만도점,경기도 성남시 분당구 판교로255번길 21 (삼평동) 1층,투썸플레이스
거제고현점,경상남도 거제시 거제중앙로29길 6 (고현동) 1층 투썸플레이스 거제고현점,투썸플레이스
광주하남3지구점,"광주광역시 광산구 하남대로 33 (하남동, 씨앤디빌딩) 1-2층",투썸플레이스
포항상도자이점,경상북도 포항시 남구 상도동 700,투썸플레이스
남양주덕소점,경기도 남양주시 와부읍 월문천로 115 1층,투썸플레이스
부산용호메트로시티점,부산 남구 용호로 54번길 10,투썸플레이스
제천CGV점,충청북도 제천시 장평천로 27-13 13호~19호,투썸플레이스
송파장지역점,"서울 송파구 충민로 66, B1",투썸플레이스
인천도화힐스테이트점,"인천광역시 미추홀구 염전로168번길 15 (도화동) 110,111,112,113,114호",투썸플레이스
과천힐스테이트중앙점,경기 과천시 중앙동 38,투썸플레이스
부산연산점,"부산광역시 연제구 반송로 30 (연산동,석산빌딩)",투썸플레이스
하양광장메디컬점,경상북도 경산시 하양읍 서사도리9로 27 107호(광장메디컬타워),투썸플레이스
광주대점,광주광역시 남구 효덕로   298 (진월동),투썸플레이스
중곡대원외고점,서울 광진구 중곡동 28-6,투썸플레이스
문경영신강변점,경상북도 문경시 영신로 102 (영신동) 1~2층,투썸플레이스
광주수완대로DT점,광주 광산구 도천동 275-10,투썸플레이스
강진아트홀점,전라남도 강진군 강진읍 보은로2길  14,투썸플레이스
인천송도센트럴파크점,인천 연수구 센트럴로 194,투썸플레이스
삼척조각공원점,"강원도 삼척시 새천년도로 333 (교동, 씨다이닝) 1~2층",투썸플레이스
청계산입구역점,"서울특별시 서초구 청계산로 201(신원동,서초포레지움) 103호~105호",투썸플레이스
아산시청문화공원점,충남 아산시 온천동 1200번지,투썸플레이스
부산온천SK점,"부산광역시 동래구 온천장로 65번길 9 (동래3차 SK뷰 상가) 112,113,114,115",투썸플레이스
안산사동점,경기 안산시 상록구 사동 1431-10,투썸플레이스
제주대병원점,"제주특별자치도 제주시 아란13길 10 (아라일동) 1,2층",투썸플레이스
대구매천시장역점,"대구광역시 북구 매전로4길 32 (매천동, 한신더휴웨스턴팰리스) 405동 509,510,511호",투썸플레이스
수원성균관대점,"경기 수원시 장안구 율전동 408-8 1층,2층",투썸플레이스
가산로데오점,서울 금천구 벚꽃로 254,투썸플레이스
진천터미널점,충북 진천군 진천읍 중앙북1길 3,투썸플레이스
진주경상대점,경상남도 진주시 진주대로 504 (가좌동),투썸플레이스
대구월광수변공원점,대구광역시 달서구 월곡로 14 (도원동) 1층 전체,투썸플레이스
김포구래역점,경기도 김포시 김포한강7로 93,투썸플레이스
미아테라스파크점,서울 강북구 삼양로 27길 43 위브테라스파크,투썸플레이스
대구달성군청점,"대구광역시 달성군 논공읍 비슬로 1880 1,2층",투썸플레이스
두타몰점,"서울특별시 중구 장충단로 275 (을지로6가, 두산타워빌딩) 두타몰 4층",투썸플레이스
화성봉담2지구점,"경기도 화성시 봉담읍 상리중심상가길 6-4 107호, 204호",투썸플레이스
서대전역점,대전광역시 중구 오류로 13-10 (오류동) 서대전역코아루써밋 102호~105호,투썸플레이스
청도산성강변점,경상북도 청도군 화양읍 산성강변길 472 투썸플레이스,투썸플레이스
산본학원가점,경기 군포시 산본동 1099-1,투썸플레이스
대전오룡역점,대전광역시 중구 계룡로 814 (오류동) 투썸플레이스,투썸플레이스
인천송현점,인천광역시 동구 수문통로 47 (송현동) 1층,투썸플레이스
안산선부점,경기 안산시 단원구 선부광장1로 84,투썸플레이스
고덕점,서울 강동구 명일동 48-16 한양빌딩,투썸플레이스
산본역점,경기 군포시 산본로323번길 27,투썸플레이스
속초서희더베이점,강원도 속초시 동해대로 3958 (조양동) 1층~2층,투썸플레이스
전주삼천점,전북 전주시 완산구 강변로 68,투썸플레이스
광주매곡점,"광주광역시 북구 하백로6번길 12 (매곡동,대광로제비앙) 1층",투썸플레이스
국군수도병원점,"경기 성남시 분당구 율동 222, 국군수도병원 ",투썸플레이스
이태원점,서울특별시 용산구 이태원로 167 (이태원동) ,투썸플레이스
용답역점,서울시 성동구 용답길 85,투썸플레이스
담양담빛호수점,전라남도 담양군 담양읍 담빛리 574번지,투썸플레이스
고흥터미널점,전라남도 고흥군 고흥읍 터미널길 13 106~107호,투썸플레이스
대구신서이노밸리점,대구 동구 경안로 847,투썸플레이스
방이한양건설점,서울특별시 송파구 백제고분로50길 7 한양건설,투썸플레이스
시흥신천점,"경기도 시흥시 신천로 94 (신천동) B동 112호, 113호",투썸플레이스
군산미룡점,전북 군산시 미룡동 868-1번지,투썸플레이스
신갈오거리점,경기도 용인시 기흥구 신갈로 60 (신갈동) ,투썸플레이스
대구상동팔래스점,"대구광역시 수성구 수성로 128 (상동) 1,2층",투썸플레이스
발산역사거리점,서울특별시 강서구 공항대로 290 (내발산동) 신우빌딩 B동 1층 105호,투썸플레이스
고양관산점,경기도 고양시 덕양구 통일로 757 (관산동) 2층,투썸플레이스
인천서창점,인천 남동구 서창남순환로216번길 30,투썸플레이스
대전신성점,대전 유성구 가정로 93 (신성동),투썸플레이스
인천산곡역점,"인천광역시 부평구 길주로364번길 9 (산곡동, 부평IPARK) 101동 119, 120, 121호",투썸플레이스
대전월평본점,대전 서구 월평중로 22,투썸플레이스
평택센트럴자이점,경기도 평택시 동삭로 370-16 (동삭동) 1~2층,투썸플레이스
가산대륭18차점,서울 금천구 가산디지털1로 19,투썸플레이스
여주월송점,경기도 여주시 월평로 61-6 1층1 (월송동) 투썸플레이스 ,투썸플레이스
서대문홍은점,서울특별시 서대문구 가좌로 143  1층(홍은동),투썸플레이스
순천순광로DT점,"전라남도 순천시 순광로 188 (조례동, 현대스틸하우징)",투썸플레이스
공주동학사점,충남 공주시 반포면 학봉리 716-1,투썸플레이스
여수신기점,전남 여수시 신기동 11번지 101~102호,투썸플레이스
울산유곡점,울산 중구 종가2길 2-11,투썸플레이스
포이DI점,서울 서초구 양재동 263-5,투썸플레이스
공덕풍림빌딩점,"서울특별시 마포구 마포대로 127 (공덕동,풍림브이아이피텔) 1층",투썸플레이스
수원매교역점,경기 수원시 권선구 세류동 97-63 1층,투썸플레이스
춘천퇴계점,"강원 춘천시 안마산로 199,1층 105호(퇴계동)",투썸플레이스
군위서부네거리점,경상북도 군위군 군위읍 도군로 2708 1층,투썸플레이스
거진농협현내점,강원도 고성군 현내면 한나루로 131 (거진농협현내지점) 2층 투썸플레이스,투썸플레이스
돌곶이역점,서울특별시 성북구 화랑로 237 (장위동) 1층,투썸플레이스
대흥역점,"서울특별시 마포구 백범로 116 (염리동, 동무마포타워) 1층",투썸플레이스
대전도룡점,대전 유성구 도룡동 394-1,투썸플레이스
춘천강원대학교두리관점,"강원도 춘천시 강원대학길 1 (효자동, 강원대학교) 두리관 1층",투썸플레이스
별내송산로점,경기도 남양주시 송산로 254 (별내동) 1층2층,투썸플레이스
나주호수공원점,전남 나주시 중야2길 14 (빛가람동),투썸플레이스
대구침산점,대구 북구 옥산로17길 47,투썸플레이스
홍천연봉점,강원도 홍천군 홍천읍 연봉로6길 2 홍천농협,투썸플레이스
수원천천점,경기 수원시 장안구 만석로 19번길 29,투썸플레이스
남양주별내역점,경기도 남양주시 별내1로 6 (별내동) 1층,투썸플레이스
철원와수점,강원 철원군 와수리 1153-14,투썸플레이스
포천고모호수점,경기도 포천시 소흘읍 죽엽산로 438 고모리 663-2,투썸플레이스
대구원대오거리점,대구광역시 북구 옥산로 1 (노원동1가) 1층,투썸플레이스
강서화곡로점,"서울특별시 강서구 화곡로 228 (화곡동, 대원빌딩) 2층",투썸플레이스
창원경상대병원점,경남 창원시 성산구 삼정자로 7,투썸플레이스
송파방이역점,서울 송파구 방이동 201-4 1층,투썸플레이스
서동탄역점,경기 화성시 남여울3길 3,투썸플레이스
나주예가람타워점,전라남도 나주시 상야1길 7 (빛가람동) 1-2층,투썸플레이스
이천온천사거리점,경기 이천시 애련정로 99,투썸플레이스
판교대장점,경기 성남시 분당구 대장동 229-1,투썸플레이스
강북구청점,"서울특별시 강북구 한천로 1035 (수유동, 우성빌딩) 1층",투썸플레이스
충북혁신중앙점,충북 음성군 맹동면 장성로 107,투썸플레이스
대전비래점,대전광역시 대덕구 비래동로 7 (비래동) 투썸플레이스,투썸플레이스
수원송죽점,"경기도 수원시 장안구 송원로 25 (송죽동,송죽노래방) 1,2층 투썸플레이스 수원송죽점",투썸플레이스
송도닥터플러스몰점,"인천광역시 연수구 컨벤시아대로230번길 54 (송도동) 1,2층",투썸플레이스
의정부호원점,경기도 의정부시 평화로 239 (호원동) 105호~108호,투썸플레이스
광명G타워점,경기 광명시 소하동 1344,투썸플레이스
금호하이리버점,"서울특별시 성동구 금호로 105 (금호동2가,래미안하이리버 상가동) 지하 3층",투썸플레이스
대구가톨릭병원대로점,대구광역시 남구 두류공원로 102 (대명동) 1층,투썸플레이스
안산부곡점,경기 안산시 상록구 부곡동 672-12,투썸플레이스
평택소사벌점,경기 평택시 비전5로 20-45,투썸플레이스
분당서현점,경기도 성남시 분당구 황새울로342번길 15 은성빌딩 1층,투썸플레이스
미사호수공원점,"경기도 하남시 미사강변중앙로 223 (망월동,센트럴파크1) 1-2층",투썸플레이스
구미신평점,"경북 구미시 구미대로 409, 1층 109호",투썸플레이스
부산명지옛터공원점,부산광역시 강서구 명지국제13로가길 18-1 (명지동) 1층,투썸플레이스
예술의전당점,서울 서초구 반포대로 34,투썸플레이스
부산망미연수로점,부산 수영구 망미동 960-10,투썸플레이스
신논현점,서울시 강남구 봉은사로 125 1층,투썸플레이스
연천전곡점,경기도 연천군 전곡읍 전곡로 185 (은대리) 1층,투썸플레이스
신월ICDI점,서울특별시 양천구 남부순환로 424 (신월동) 투썸플레이스 신월IC DI점,투썸플레이스
동탄라스플로레스점,"경기도 화성시 동탄대로 537, 1층 1029.1030.1031호",투썸플레이스
석촌역점,"서울특별시 송파구 송파대로 437 (석촌동, 덕일빌딩) 1, 2층",투썸플레이스
부천중동시장점,"경기도 부천시 부흥로 181 (중동, 세민메가트랜스) 108, 109호",투썸플레이스
속초외옹치점,강원도 속초시 해오름로 67 (대포동) 2~3층,투썸플레이스
원주소금산그랜드밸리점,강원 원주시 지정면 간현리 1108-18,투썸플레이스
대구두류공원점,대구광역시 달서구 두류공원로 242 (두류동) 1층 투썸플레이스 ,투썸플레이스
인천주안역북부점,"인천광역시 미추홀구 석정로 433 (주안동, 영일빌딩) 101호",투썸플레이스
제주이도점,"제주특별자치도 제주시 중앙로 286 1층 (이도이동, 김기수안과빌딩)",투썸플레이스
서대문역바비엥점,"서울특별시 중구 통일로 114 (의주로1가,바비엥-2) 1층",투썸플레이스
부평남부역점,인천 부평구 경인로 946,투썸플레이스
북수원정자타운점,경기 수원시 장안구 정자동 878-2,투썸플레이스
광주각화점,광주 북구 각화동 505-17번지,투썸플레이스
전주혁신도시점,전라북도 완주군 이서면 기지로 43 (갈산리) 1층 투썸플레이스 전주혁신도시점,투썸플레이스
광양이순신대교점,전남 광양시 중동 1805~ 1892 (중동 1891-3),투썸플레이스
충주성서점,충청북도 충주시 성서7길 17 (성서동) 투썸플레이스 충주성서점,투썸플레이스
김포디원시티시그니처점,"경기도 김포시 김포한강10로133번길 107 (구래동, 디원시티시그니처) 120~123호",투썸플레이스
인천계양점,"인천광역시 계양구 오조산공원로 22 (용종동, 계양프라자) ",투썸플레이스
양천향교역점,서울특별시 강서구 강서로 460 1층,투썸플레이스
대구테크노중앙로점,"대구광역시 달성군 유가읍 테크노중앙대로 254 (봉리,하이젠스타) 투썸대구테크노중앙로",투썸플레이스
당진CGV점,충청남도 당진시 북문로1길 35-16 (읍내동) 1층,투썸플레이스
대전죽동점,대전광역시 유성구 죽동로297번길 22 (죽동) 1층,투썸플레이스
송파개롱역점,서울특별시 송파구 동남로 236 (가락동) 1층,투썸플레이스
송파헬리오시티점,서울특별시 송파구 가락로 78 (석촌동) 더시티프라자 1층,투썸플레이스
아산탕정점,충남 아산시 탕정면 탕정면로 8 트라빌딩 1층,투썸플레이스
대웅제약사옥점,"서울특별시 강남구 봉은사로 644 (삼성동, 대웅제약빌딩) 1층",투썸플레이스
대전목동더샵리슈빌점,대전광역시 중구 선화서로 118 (선화동) 투썸플레이스,투썸플레이스
춘천KBS사거리점,강원도 춘천시 퇴계로 9 (퇴계동) 1층,투썸플레이스
인천삼산사거리점,"인천광역시 부평구 평천로 398 (삼산동, 에스엠 메디칼 프라자) 103, 104, 105호",투썸플레이스
세종해밀점,"세종특별자치시 해밀3로 43 (해밀동, 스카이드림) 스카이드림 1층",투썸플레이스
인천구월아시아드점," 인천광역시 남동구 선수촌공원로 36 (구월동,더블루시티) 1층",투썸플레이스
인천구월예술로점,"인천광역시 남동구 예술로140번길 33 (구월동, 화성빌딩) 101호",투썸플레이스
고양지축점,경기 고양시 덕양구 지축동 오부자로 42,투썸플레이스
파주운정가람점,경기도 파주시 가람로 39 102~106호,투썸플레이스
완주삼례점,전라북도 완주군 삼례읍 삼례로 382 1층,투썸플레이스
여수소호동동다리점,"전라남도 여수시 소호로 490 (소호동) 1,2층",투썸플레이스
안양국제나은병원점,경기 안양시 만안구 안양동 456-1,투썸플레이스
장유대청점,경남 김해시 계동로 217,투썸플레이스
영등포로터리점,서울특별시 영등포구 경인로 900,투썸플레이스
송탄출장소점,"경기도 평택시 관광특구로 36 (서정동, 송탄빌딩) 1층",투썸플레이스
장유푸드타운점,경상남도 김해시 월산로 162 (부곡동) 네오푸드상가 내,투썸플레이스
마포공덕점,서울 마포구 마포대로 156,투썸플레이스
오산세마역점,경기도 오산시 세마역로41번길 58,투썸플레이스
파인애비뉴점,서울 중구 을지로100,투썸플레이스
부산반여점,부산 해운대구 선수촌로 103-8,투썸플레이스
안양석수점,경기도 안양시 만안구 충훈로 70,투썸플레이스
남양주마석역점,"경기도 남양주시 화도읍 마석중앙로 120, 102호",투썸플레이스
인천청라홈플러스점,"인천 서구 중봉대로 587, 2층",투썸플레이스
대전관저네거리점,대전광역시 서구 관저북로13번길 23-24,투썸플레이스
홈플러스작전점,"인천광역시 계양구 계양대로 27 (작전동, HOMEPLUS작전점) 1층 투썸플레이스",투썸플레이스
속초엑스포점,강원도 속초시 엑스포로1길 31 (조양동) ,투썸플레이스
제주아라점,제주 제주시 아라일동 6134-2번지,투썸플레이스
양주백석점,경기도 양주시 백석읍 호명로 76 1~2층,투썸플레이스
이천창전점,"경기 이천시 영창로173번길 1, B동",투썸플레이스
인천완정점,인천광역시 서구 청마로19번길 20 (당하동) 1층,투썸플레이스
송도지식정보단지역점,인천 연수구 인천타워대로54번길 3,투썸플레이스
야탑NC점,"경기도 성남시 분당구 야탑로75번길 9 (야탑동, 금호프라자) 102호",투썸플레이스
노원하계1동점,"서울특별시 노원구 노원로 238 (하계동) 1층 4호,5호",투썸플레이스
대전관평하이츠점,대전 유성구 관평동 1354번지 ,투썸플레이스
마포역점,서울 마포구 마포대로 44,투썸플레이스
판교파미어스몰점,경기 성남시 수정구 시흥동 288-2,투썸플레이스
원주단계봉화산점,강원도 원주시 서원대로 54 (단계동) 1~2층,투썸플레이스
수원고등점,경기 수원시 팔달구 고등동 141-17 코압빌딩 1층,투썸플레이스
강동길동역점,"서울특별시 강동구 양재대로 1461 (길동, SCMEDITOWER) 1층",투썸플레이스
여수성산공원점,"전라남도 여수시 성산로 42 (화장동) 1,2층",투썸플레이스
사당역로데오점,서울 서초구 방배동 450-25,투썸플레이스
연신내엘피스점,"서울특별시 은평구 통일로 829 (대조동, 연신엘피스) 1, 2층",투썸플레이스
등촌역점," 서울특별시 강서구 공항대로 519 (등촌동,신성빌딩) 1층",투썸플레이스
천안안서점,"충청남도 천안시 동남구 망향로 195 (안서동,유니온빌딩) 1층 투썸플레이스",투썸플레이스
안양엔터식스점,"경기도 안양시 만안구 만안로 244, 엔터식스 2층(안양동)",투썸플레이스
대전대동오거리점,대전 동구 계족로 156,투썸플레이스
구리인창점,"경기도 구리시 건원대로 67 (인창동, 한진빌딩) 1층 투썸플레이스",투썸플레이스
광양덕례점,전라남도 광양시 광양읍 인덕로 922 (덕례리 340-2),투썸플레이스
송도동북아무역센터점,"인천광역시 연수구 컨벤시아대로 165 (송도동,포스코타워-송도) 1층",투썸플레이스
홍제삼거리점,"서울특별시 서대문구 통일로 397 (홍제동, 인왕산 한신휴플러스) B403~B408호",투썸플레이스
천안목천점,충남 천안시 동남구 목천읍 신계리 342-4,투썸플레이스
일산백마점,경기도 고양시 일산동구 일산로 200 (마두동) 1층,투썸플레이스
구로역점,"서울특별시 구로구 새말로 19 (구로동, 정윤빌딩) 1층",투썸플레이스
인천독정이삼거리점,인천광역시 미추홀구 독정이로 3 (용현동) 용현동 490-136,투썸플레이스
강서등촌3동점,"서울특별시 강서구 공항대로41길 34 (등촌동, 플러스존) 102호",투썸플레이스
미사역점,"경기도 하남시 미사강변남로 99 (망월동, 더오페라2) 1층 120호-125호",투썸플레이스
순천신대점,전라남도 순천시 해룡면 신대3길 2 (신대리) 1층,투썸플레이스
기장일광해변점,부산 기장군 일광면 기장해안로 1290,투썸플레이스
인천가좌점,인천 서구 건지로 375,투썸플레이스
부산동래래미안점,부산광역시 동래구 금강로8번길84(온천동) 1층 부산시 동래구 온천동 1402-3,투썸플레이스
금정디싸이트점,경기 군포시 금정동 726-1,투썸플레이스
방배이수점,서울 서초구 방배동 1545,투썸플레이스
보령시청점,충남 보령시 명천동 1211,투썸플레이스
구미인동점,경상북도 구미시 인동가산로 24 (진평동) 1~2층,투썸플레이스
대전대흥센텀시티점,대전 중구 대흥동 219-1번지 센텀시티 110호~112호,투썸플레이스
수원연무점,경기도 수원시 장안구 창룡대로 175 (연무동) 1층,투썸플레이스
포항영일대점,경상북도 포항시 북구 해안로 93 (두호동),투썸플레이스
대구동천점,대구광역시 북구 동천로 133 (동천동) 대성시티프라자 203호,투썸플레이스
고양향동점,경기도 고양시 덕양구 꽃내음1길 180 (향동동) ,투썸플레이스
의정부낙양점,경기도 의정부시 민락로 388 (낙양동) 삼도플라자 101호,투썸플레이스
이수역사거리점,"서울특별시 서초구 서초대로 2 (방배동, 이수파이브) 1, 2층",투썸플레이스
영주풍기소백로점,경북 영주시 풍기읍 동부리 191-1,투썸플레이스
인천석바위시장역점,인천 남구 주안동 1542-7,투썸플레이스
진천혁신도시점,"충북 진천군 덕산면 두촌리 2464, G-place 진천2 101호~105호",투썸플레이스
춘천강원대학교병원점,"강원도 춘천시 백령로 156 (효자동, 강원대학교병원) 본관1층",투썸플레이스
광명중앙대병원점,경기도 광명시 일직동 501-4 광명역엠클러스터 B131,투썸플레이스
광주계림스테이션점,광주광역시 동구 무등로 405 (계림동) 1층,투썸플레이스
춘천한림대점,강원 춘천시 교동 156-3 1층,투썸플레이스
아산탕정신도시점,충청남도 아산시 탕정면 매곡한들10길 6 1층 투썸플레이스,투썸플레이스
천안신불당SK점,충남 천안시 서북구 불당 19로 92,투썸플레이스
부산주례역점,부산 사상구 가야대로 300-0(주례동),투썸플레이스
대전가수원대로DT점,대전 서구 가수원동 186-4,투썸플레이스
별내청학점,"경기도 남양주시 별내면 청학로54번길 81 (좋은집) 1층,2층",투썸플레이스
일산문촌점,"경기도 고양시 일산서구 중앙로 1456 (주엽동, 서현프라자) 101호",투썸플레이스
부여궁남점,충청남도 부여군 부여읍 사비로 2 (동남리) 투썸플레이스,투썸플레이스
통영루지점,경상남도 통영시 도남동 490-7번지,투썸플레이스
인천청라중앙점,"인천광역시 서구 청라커낼로288번길 10 (청라동,더스페이스타워) 106호",투썸플레이스
양주옥정점,경기도 양주시 회천남로 88 엠타워 2층,투썸플레이스
충남내포청사점,"충청남도 예산군 삽교읍 청사로 190 (목리,내포에드가오피스텔2차) 1층",투썸플레이스
계룡DT점,충남 계룡시 엄사면 엄사리 25-1,투썸플레이스
부산화명코오롱점,"부산광역시 북구 금곡대로285번길 22 (화명동, 월드타워) 103호",투썸플레이스
대전유성봉명점,대전 유성구 봉명동 611-6,투썸플레이스
마포노고산점,서울특별시 마포구 신촌로 128 (노고산동) 적암빌딩 1층,투썸플레이스
진주교대점,경남 진주시 신안동 448-1 진양호로 338,투썸플레이스
제주남원농협하나로마트점,제주특별자치도 서귀포시 남원읍 남조로 52 (남원농협하나로마트) 1층,투썸플레이스
삼성카드사옥점,서울특별시 중구 세종대로 67 (태평로2가) 20층 ,투썸플레이스
부산금정산성점,부산광역시 금정구 산성로 450 (금성동) ,투썸플레이스
은평이마트점,서울특별시 은평구 은평로 114 (응암동) 1층,투썸플레이스
의왕포일점,경기 의왕시 포일동 661-2,투썸플레이스
안산중앙로데오점,경기도 안산시 단원구 고잔1길 40,투썸플레이스
대구지산광장점,"대구광역시 수성구 용학로 297-7 (지산동) 1,2층 (지산동)",투썸플레이스
장충점,서울 중구 장충단로 205-0,투썸플레이스
안양비산늘사랑점,경기도 안양시 동안구 경수대로898번길 14 (비산동) 상가동,투썸플레이스
영등포역점,"서울특별시 영등포구 경인로 847 (영등포동3가) 1, 2층",투썸플레이스
무안남악세영리첼점,전라남도 무안군 삼향읍 남악5로 46 1층,투썸플레이스
청주모충로점,충북 청주시 흥덕구 모충동 493~750 520-13,투썸플레이스
용인신봉점,경기 용인시 수지구 신봉동 47-1 ,투썸플레이스
화성북양DT점,경기도 화성시 남양읍 화성로 1500 ,투썸플레이스
대전만인산점,대전 동구 하소동 458-1,투썸플레이스
강남역더에셋점,"서울특별시 서초구 서초대로74길 14 (서초동, TheAsset) 1층",투썸플레이스
평택베스트원몰점,"경기도 평택시 경기대로 945 (장당동) 1층, 베스트원몰점 ",투썸플레이스
한강미사IS비즈타워점,"경기도 하남시 미사대로 510 (덕풍동, 한강미사아이에스비즈) 140~142호",투썸플레이스
인천부개점,인천광역시 부평구 부흥로 412 (부개동) 1층,투썸플레이스
광주백운초교점,광주 남구 백운동 210-6번지 외 2필지,투썸플레이스
광명밤일점,경기도 광명시 하안동 883-11,투썸플레이스
화성남양점,경기 화성시 남양읍 역골로 29-24,투썸플레이스
김포신곡점,경기도 김포시 고촌읍 수기로 104 (신곡리) 108호,투썸플레이스
인천검단금호점,"인천 서구 원당동 434-12 금호헤리티지 101,102,201,202호 ",투썸플레이스
영등포신길점,서울 영등포구 신길동 4902-7,투썸플레이스
대전둔산블랙타워점,대전 서구 둔산동 1358번지 블랙타워 ,투썸플레이스
부산초읍대공원점,부산광역시 부산진구 새싹로 285-1 (초읍동) 성림빌딩 1층,투썸플레이스
대전둔산대로점,대전 서구 대덕대로 243 1층 투썸플레이스,투썸플레이스
세종시청점,"세종특별자치시 한누리대로 2150 (보람동, 스마트허브Ⅰ) 스마트허브1 102호~104호",투썸플레이스
판교알파돔점,경기도 성남시 분당구 분당내곡로 131 (백현동) 알파돔시티 1층 ,투썸플레이스
송도캠퍼스타운점,"인천광역시 연수구 송도과학로27번길 55 (송도동, 롯데캐슬캠퍼스타운) 상가 B동 209, 210호",투썸플레이스
울산신천점,울산광역시 북구 호계로 400-1 (신천동) 신천동 488번지,투썸플레이스
전주중화산서원로점,전라북도 전주시 완산구 서원로 339 (중화산동1가) 1층,투썸플레이스
양주고덕로점, 경기도 양주시 고읍동 371,투썸플레이스
분당궁내DT점,"경기도 성남시 분당구 대왕판교로 310 (궁내동) 1,2,3층",투썸플레이스
대구시지욱수천점,대구 수성구 신매동 88-5,투썸플레이스
부산명지대방점,"부산광역시 강서구 명지국제2로28번길 34 (명지동, 에코팰리스) 204호 외",투썸플레이스
인천석남역점,"인천광역시 서구 길주로 101-1 (석남동, 대진빌딩) 1층",투썸플레이스
문경온천지구점,경상북도 문경시 문경읍 온천5길 2-1 1층,투썸플레이스
보령중앙점,충남 보령시 보령북로 95(대천동),투썸플레이스
수원여대점,경기 수원시 권선구 온정로30번길 70,투썸플레이스
답십리사거리점,서울 동대문구 답십리로 150,투썸플레이스
청주메가폴리스점,"충청북도 청주시 흥덕구 풍산로 15 (가경동, 대우메가폴리스) 120호~122호 투썸플레이스",투썸플레이스
세종범지기마을점,"세종특별자치시 보듬3로 92 (아름동, 해피라움2) 119호, 212호",투썸플레이스
거제상동점,경남 거제시 상동5길 27,투썸플레이스
구미역점,경상북도 구미시 구미중앙로11길 6 (원평동) 1층,투썸플레이스
마산역점,"경상남도 창원시 마산회원구 마산역광장로 28 (석전동, HOTELPRIMA) ",투썸플레이스
양평용문점,경기 양평군 용문면 다문리 688-6,투썸플레이스
파주운정점,"경기도 파주시 미래로 375 (동패동,삼성메디컬 프라자) 1층",투썸플레이스
광명철산점,경기 광명시 철산로30번길 14,투썸플레이스
신내점,서울특별시 중랑구 용마산로 637 (신내동) 1~2층,투썸플레이스
강서등촌한빛점,"서울특별시 강서구 공항대로45길 33 (등촌동, 한빛어반뉴스토리) 101호",투썸플레이스
용인마북점,경기도 용인시 기흥구 용구대로 2384 (마북동) 1층,투썸플레이스
부산명지오션시티점,"부산광역시 강서구 명지오션시티12로 64 (명지동) 101,102",투썸플레이스
순천용당DT점,전라남도 순천시 강변로 963  (석현동),투썸플레이스
하남미사중앙점,"경기도 하남시 미사강변대로 38 (풍산동, 위너스프라자) 1층~2층",투썸플레이스
강화화도점,인천광역시 강화군 화도면 해안남로 1812-3 ,투썸플레이스
담양백동사거리점,전남 담양군 담양읍 백동리 680-8,투썸플레이스
영월중앙로점,강원도 영월군 영월읍 중앙로 32-1 1층,투썸플레이스
광명어반브릭스점,"경기도 광명시 양지로 19 (일직동) 어반브릭스 167, 168, 169호",투썸플레이스
제기동역점,"서울특별시 동대문구 왕산로 91 (제기동, 메트로폴스위트) 101호",투썸플레이스
춘천거두점,강원도 춘천시 동내면 춘천순환로 131 (거두리) 1층,투썸플레이스
서산호수공원점,충청남도 서산시 호수공원4로 27 (예천동),투썸플레이스
서종리버사이드점, 경기도 양평군 서종면 북한강로 983 (문호리) 1층,투썸플레이스
대전도안바로세움점,대전 유성구 봉명동 1017-2,투썸플레이스
전주역클래시아점,"전북 전주시 덕진구 우아동3가 766 상가동 지하1층, 엘115호(클래시아 더 스카이)",투썸플레이스
김포마산점,경기 김포시 마산동 649-5,투썸플레이스
치동천체육공원점,경기도 화성시 동탄순환대로29길 33 (영천동) 107호,투썸플레이스
원주단구롯데시네마점,"강원도 원주시 서원대로 402 (단구동, 대신프라자) 101~103호",투썸플레이스
마포대로점,서울특별시 마포구 마포대로 67 (도화동) 로이넷호텔 1층,투썸플레이스
옥수리버젠점,"서울특별시 성동구 매봉길 17-0  (옥수동, 래미안 옥수 리버젠)",투썸플레이스
휘경점,서울특별시 동대문구 망우로 86 (휘경동) 1~2층,투썸플레이스
제주엠제이벤처오름점,제주 제주시 첨단로 199,투썸플레이스
익산유천생태습지공원점,전북 익산시 동산동 88-12,투썸플레이스
부산기장죽성점,부산광역시 기장군 기장읍 월전해안길 31 (죽성리) 1층,투썸플레이스
북한산우이역점, 서울특별시 강북구 삼양로 685,투썸플레이스
대전대서문점,대전광역시 동구 대학로50번길 25 (용운동) 1층,투썸플레이스
센텀강변점,부산 해운대구 수영강변대로 278,투썸플레이스
광명스마트타운점,경기도 광명시 일직로 79 (일직동) 투썸광명스마트타운,투썸플레이스
구미옥계점,경북 구미시 산호대로29길 20-12,투썸플레이스
당진기지시점,충남 당진시 송악읍 틀모시로 762,투썸플레이스
시흥장현점,경기도 시흥시 장현능곡로 9 (장곡동) ,투썸플레이스
신내SKV1센터점,서울특별시 중랑구 신내역로 111 (신내동) 신내skv1 센터 1층 121호,투썸플레이스
서일대점,서울 중랑구 용마산로 384,투썸플레이스
칠곡석적유학로점,경상북도 칠곡군 석적읍 유학로 61  ,투썸플레이스
군산지곡호수공원점,전북 군산시 나운동 174-4번지외 2필지,투썸플레이스
부천중동위브점,경기 부천시 원미구 신흥로 178 더스테이트몰상가,투썸플레이스
고양삼송미디어시티점,경기도 고양시 덕양구 동송로 30 (동산동),투썸플레이스
김포운양점,경기도 김포시 김포한강11로 288-19 운양프라자 1층,투썸플레이스
평창올림픽플라자점,강원도 평창군 대관령면 올림픽로 177 (횡계리) 101호,투썸플레이스
경희대국제캠퍼스점,"경기도 용인시 기흥구 덕영대로 1732 (서천동, 경희대학교국제캠퍼스) 우정원 1층 ",투썸플레이스
청주테크노폴리스점,충청북도 청주시 흥덕구 송화로 136 (송절동) 1층,투썸플레이스
도봉산입구점,서울특별시 도봉구 도봉산4가길 13-11 (도봉동) 1층,투썸플레이스
용인처인구청점,경기도 용인시 처인구 금령로 64 (김량장동) 1층,투썸플레이스
김포걸포점,경기도 김포시 걸포2로 33 (걸포동) 2층,투썸플레이스
전주반월DT점,전북 전주시 덕진구 반월동 224-2번지,투썸플레이스
대구퀸스로드점,대구광역시 서구 평리로35길 18-14 (중리동) B동 104호,투썸플레이스
대전목원대점,"대전광역시 유성구 도안북로 85-31 (용계동,스타타워) 1층",투썸플레이스
대전원신흥점,대전광역시 유성구 원신흥남로12번길 38-13 (원신흥동) 1층 투썸플레이스,투썸플레이스
송파잠실H타워점,"서울특별시 송파구 백제고분로 128 (잠실동, H타워) 1,2층",투썸플레이스
영등포당산아리스타점,서울 영등포구 당산동 121-61 여의도아리스타오피스텔 1층,투썸플레이스
서판교점,경기 성남시 분당구 판교동 612-2 1층,투썸플레이스
대구반월당점,대구 중구 달구벌대로 2068 (남산동),투썸플레이스
제주오라우정점,제주특별자치도 제주시 아연로 131-3 (오라이동) 2층,투썸플레이스
금정역SKV1센터점, 경기도 안양시 동안구 엘에스로 142,투썸플레이스
별내용암천점,경기도 남양주시 두물로39번길 27,투썸플레이스
양평양수점,경기 양평군 양서면 용담리 533-6,투썸플레이스
청계천광교점,"서울특별시 중구 남대문로 120 (남대문로1가, 대일빌딩)",투썸플레이스
역삼자이점,서울 강남구 언주로 419,투썸플레이스
진주세란병원점,경상남도 진주시 진주대로829번길 5-4 (주약동) 예동빌딩 1~2층,투썸플레이스
광주두암타운점,광주 북구 두암동 985-3번지,투썸플레이스
제일제당사옥점,"서울특별시 중구 동호로 330 (쌍림동, 씨제이제일제당센터) 1층 투썸플레이스",투썸플레이스
광주동명동카페거리점,광주광역시 동구 동명로 12 (장동) 한스빌딩 1층,투썸플레이스
제천고암케이원점,충북 제천시 신죽하로 83-22 케이원프라자,투썸플레이스
기흥AK몰점,"경기도 용인시 기흥구 기흥역로 63 (구갈동, 힐스테이트기흥) AK몰 1층",투썸플레이스
경산대로점,경상북도 경산시 경산로 221 (옥산동) 투썸경산대로,투썸플레이스
하남감일지구점,경기도 하남시 감일백제로83번길 25 (감이동) 숲83 1층,투썸플레이스
고덕신도시점,경기 평택시 고덕면 여염리 4320-2번지,투썸플레이스
대구월배아이파크점,대구광역시 달서구 유천동 636,투썸플레이스
서판교운중타운점,경기 성남시 분당구 운중동 35-12,투썸플레이스
목포석현점,전라남도 목포시 옥암로 190 (석현동) 190(석현동),투썸플레이스
세종로데오점,"세종 나성로 133-15 (나성동, 애플타워)",투썸플레이스
대전도안수변공원점,대전광역시 유성구 봉명로 27-27 (원신흥동) 1층,투썸플레이스
신정뉴타운점,"서울특별시 양천구 신월로 164 (신월동, 승일뷰티타워2) ",투썸플레이스
부산덕천메가박스점,"부산 북구 만덕대로 23, 뉴코아아울렛 7층",투썸플레이스
광주메가박스하남점,광주 광산구 풍영철길로 15,투썸플레이스
대전판암역점,대전 동구 판암동 865-2,투썸플레이스
일산덕이점,경기 고양시 일산서구 덕이동 373-10,투썸플레이스
삼척장호항점,강원 삼척시 장호항길 76 1층,투썸플레이스
삼성바이오로직스점,"인천광역시 연수구 송도바이오대로 300 (송도동,삼성바이오로직스) 바이오플라자 3층 투썸플레이스",투썸플레이스
부산명지강변점,부산광역시 강서구 명지새동네길2번길 56 (명지동) 1층,투썸플레이스
경남의령행복로점,경상남도 의령군 의령읍 행복로 14 (한우빌딩) 1층,투썸플레이스
인천논현점," 인천광역시 남동구 논고개로 71 (논현동,가산타워) 109호,110호,202호",투썸플레이스
마산합성산호천점,"경상남도 창원시 마산회원구 양덕옛3길 37 (합성동, 마산학원) 1층",투썸플레이스
강릉유천지구점,강원도 강릉시 사임당로 131 (홍제동) 1층 ,투썸플레이스
해운대아이파크점,"부산광역시 해운대구 마린시티2로 38 (우동, 해운대아이파크) 업무동 1층 101호",투썸플레이스
의정부송산역점,경기도 의정부시 충의로 60 (용현동) 1층,투썸플레이스
광주선운지구점,광주광역시 광산구 선운중앙로 46 (선암동) 1-2층,투썸플레이스
대구월곡로점,대구광역시 달서구 월곡로 213 (상인동) 상인동 518-6,투썸플레이스
아산터미널점,충남 아산시 번영로 212-0  (모종동),투썸플레이스
울산KBS사거리점,"울산광역시 남구 번영로 234-0 1층 투썸플레이스 (삼산동, 팔레드상떼)",투썸플레이스
부천원종점,경기도 부천시 소사로 766 (원종동) 1층~2층,투썸플레이스
반포대로점,"서울특별시 서초구 반포대로 300 (잠원동, 덕성빌딩) 1층 ",투썸플레이스
수원태장사거리점,경기 수원시 영통구 망포동 383-12,투썸플레이스
울산선암호수공원점,울산 남구 선암호수길 86-1(선암동),투썸플레이스
대구영남대점,경상북도 경산시 대학로 285 2층 (대동),투썸플레이스
밀양점,경남 밀양시 남천강변로 41 (내일동),투썸플레이스
은평한옥마을점,서울특별시 은평구 진관길 7 (진관동) 투썸은평한옥마을점,투썸플레이스
용두아트리체점,"서울특별시 동대문구 청계천로 505 (용두동, 청계다우아트리체) 102호, 103호",투썸플레이스
청주신봉네거리점,충북 청주시 흥덕구 사운로 301,투썸플레이스
대구엑스코점,대구광역시 북구 유통단지로8길 86 (산격동) 1층 투썸,투썸플레이스
화성동탄목동점,경기도 화성시 동탄순환대로 406 (목동) 1층,투썸플레이스
대구황금점,대구 수성구 청수로 107 1층(황금동),투썸플레이스
시흥능곡점,"경기도 시흥시 장현능곡로 188 (능곡동) 106,107,202호",투썸플레이스
대전중구청역점,대전 중구 선화동 380-2,투썸플레이스
용인흥덕점,"경기도 용인시 기흥구 흥덕중앙로 55 (영덕동, 리써밋타워) 1,2층",투썸플레이스
청주오송생명과학단지점,"충청북도 청주시 흥덕구 오송읍 오송생명로 186 오송프라자 115호, 206호",투썸플레이스
용인모현점,경기도 용인시 처인구 모현읍 오산로13번길 36-2 투썸플레이스,투썸플레이스
덕양푸른마을점,고양시 덕양구 푸른마을로 34-11,투썸플레이스
안산스마트스퀘어점,"경기도 안산시 단원구 산단로 325 (신길동, 리드스마트스퀘어지식산업센터) 29호 ~ 32호",투썸플레이스
원주기업도시스타세븐점, 강원도 원주시 지정면 신지정로 211,투썸플레이스
신정네거리점,서울특별시 양천구 중앙로 261 (신정동) 1층,투썸플레이스
김해주촌선천지구점,경상남도 김해시 주촌면 선천남로 62 1층,투썸플레이스
죽전1동점,경기도 용인시 수지구 현암로 162 (죽전동) 1층,투썸플레이스
수지외식타운점,경기도 용인시 수지구 수지로 342번길 11,투썸플레이스
석촌호수점,"서울특별시 송파구 석촌호수로 220 1층 (석촌동, 보정빌딩)",투썸플레이스
부산시청점,"부산광역시 연제구 시청로 6 (연산동,부산더샵시티애비뉴) 투썸부산시청점",투썸플레이스
양주고읍점,경기 양주시 고읍남로 36,투썸플레이스
대구수성1가점,대구 수성구 수성로 299,투썸플레이스
부산재송점,부산광역시 해운대구 재반로 112 (재송동) 1층,투썸플레이스
대전중촌점,대전 중구 중촌동 300번지,투썸플레이스
춘천석사후석로점,강원도 춘천시 후석로 12 (석사동) 1층,투썸플레이스
부천시청역점,"경기도 부천시 길주로 205 (중동, 솔라리움A동) 101호",투썸플레이스
청주방서메디컬타워점,충청북도 청주시 상당구 2순환로2031번길 6-20 (방서동) 107호~1105호,투썸플레이스
성남신흥역점,"경기도 성남시 수정구 산성대로 269 (신흥동) 1,2층",투썸플레이스
수원정자점,경기도 수원시 장안구 이목로 24-3 (정자동) SKY PLAZA 1층 105호,투썸플레이스
장유코아점,"경상남도 김해시 장유로 224 (부곡동, 뉴프라자) 1,2층",투썸플레이스
안산그랑시티자이점,경기도 안산시 상록구 해양1로 199 (사동) 포트애배뉴 158호,투썸플레이스
구로항동점,서울특별시 구로구 서해안로 2096 (항동) ,투썸플레이스
오류역점,"서울 구로구 경인로 199-2, 2,3층(오류동)",투썸플레이스
다산욱현하이브점,경기도 남양주시 다산중앙로171번길 40 (다산동) 1층,투썸플레이스
부산동의대점,"부산광역시 부산진구 엄광로 176 (가야동, 동의대학교) 행복기숙사 투썸플레이스",투썸플레이스
월곡역코업스타점,"서울특별시 성북구 화랑로 76 (하월곡동, 코업스타클래스) 105-2호, 106호",투썸플레이스
대구죽전하늘채점,대구광역시 달서구 장기로 225 (장기동) 영빈타워 1층,투썸플레이스
숙대입구역점,서울 용산구 남영동 62-9,투썸플레이스
시흥목감점,경기도 시흥시 수풀안길 22(조남동),투썸플레이스
전주서곡점,전북 전주시 완산구 효자동3가 752-4번지,투썸플레이스
마천사거리점,"서울특별시 송파구 거마로 61 (마천동, 강동중앙의원) 1층",투썸플레이스
세종소담레전드타워점,"세종특별자치시 소담로 70 (소담동, 레전드타워) 레전드타워 101호~105호",투썸플레이스
전주혁신호수공원점,전북 전주시 덕진구 중동로 104-12,투썸플레이스
가재울엘가점,"서울 서대문구 모래내로 151, DMC엘가APT",투썸플레이스
용산LS타워점,"서울특별시 용산구 한강대로30길 25 (한강로2가,아스테리움 용산) 지하 1층",투썸플레이스
횡성점,강원도 횡성군 횡성읍 앞들서3로 5 (읍하리) 2층,투썸플레이스
부천괴안점, 경기도 부천시 경인로536번길 23 (괴안동) 104호~107호,투썸플레이스
도산공원사거리점,"서울특별시 강남구 언주로 732 (논현동, 세종빌딩) 세종빌딩 1~2층",투썸플레이스
광주진월점,광주광역시 남구 서문대로 725 (진월동) 1층,투썸플레이스
광주계림그랜드센트럴점,광주광역시 동구 동계천로 26 (대인동) 1층,투썸플레이스
경주보문호수점,경상북도 경주시 천군1길 8-18 (천군동) 1층,투썸플레이스
인천간석사거리점,"인천광역시 남동구 호구포로 887 (간석동, 하나프라자) 1층",투썸플레이스
의정부제일시장점,경기도 의정부시 태평로73번길 21 (의정부동) 2층,투썸플레이스
서울숲역점,"서울특별시 성동구 왕십리로 58 (성수동1가, FORHU) 포휴 101호,201호",투썸플레이스
경산월드컵대로점,경상북도 경산시 삼성현로 62 (옥산동) 1층,투썸플레이스
수원터미널점,경기도 수원시 권선구 덕영대로 1201번길 8,투썸플레이스
의정부중앙로점,경기도 의정부시 행복로 5-1 (의정부동),투썸플레이스
기장일광신도시점,부산광역시 기장군 일광면 해빛1로 5 106호,투썸플레이스
화순도곡점,전라남도 화순군 도곡면 지강로 519 ,투썸플레이스
강릉역점,강원 강릉시 교동 118 강릉역 맞이방,투썸플레이스
용인성복점,"경기도 용인시 수지구 성복1로 35 (성복동, 성복역롯데캐슬클라시엘) 1층",투썸플레이스
부천소새울역점,경기 부천시 소사로 124,투썸플레이스
인천계양구청점, 인천광역시 계양구 계산동 1081-9,투썸플레이스
부천역남부점, 경기도 부천시 경인로 242 (심곡본동) 1층~3층,투썸플레이스
세종대학교점,"서울특별시 광진구 능동로 209 (군자동,세종대학교) 대양AI센터 1층",투썸플레이스
경남남해문학관점,경상남도 남해군 남해읍 스포츠로 12-1 (남변리) 1층,투썸플레이스
광명6동점,"경기도 광명시 광명로 817 (광명동,백석빌딩) 1층",투썸플레이스
대구법원점,"대구광역시 수성구 동대구로 376 (범어동, 범어숲 화성파크드림S) 101호,202호",투썸플레이스
서린동청계광장점,서울특별시 종로구 청계천로 17 (서린동) 투썸플레이스,투썸플레이스
동대구역사점," 대구광역시 동구 동대구로 550 (신암동,동대구역) 1층 신 맞이방",투썸플레이스
천안차암점,충청남도 천안시 밤개울1길 1-1,투썸플레이스
시흥시청점,경기도 시흥시 새재로 23-2 (장현동) 101호~104호,투썸플레이스
대구칠곡3지구점,대구광역시 북구 동암로12길 15 (동천동) 1층,투썸플레이스
제주모슬포점,제주 서귀포시 대정읍 최남단해안로 44,투썸플레이스
대전삼부스포렉스점,"대전광역시 중구 태평로 83 (태평동,삼부스포렉스) 1층 투썸플레이스",투썸플레이스
강서구청점,"서울특별시 강서구 화곡로 347 115.116.209.210호(화곡동,그랜드아이파크)",투썸플레이스
인천송도유원지점,인천광역시 연수구 청량로 83 (동춘동) 청량로 83,투썸플레이스
여의도파크원점,서울특별시 영등포구 여의대로 108 (여의도동) 파크원타워 1층,투썸플레이스
수원곡반정점,경기 수원시 권선구 곡반정동 555,투썸플레이스
강남삼성로점,"서울특별시 강남구 삼성로 519 (삼성동, 원혜빌딩) 519",투썸플레이스
구미원평문화거리점,경상북도 구미시 문화로 49 (원평동) 1층,투썸플레이스
마포망원점,"서울특별시 마포구 월드컵로 155 (망원동,가은빌딩) 1층",투썸플레이스
원주관설점,강원도 원주시 시청로 526 (관설동) 1층,투썸플레이스
병점역점,경기도 화성시 떡전골로98,투썸플레이스
제주연북로점, 제주특별자치도 제주시 연북로 201 (오라이동) 1층,투썸플레이스
고양삼송점,경기 고양시 덕양구 삼송로 94-22,투썸플레이스
경주용황스타타워점,경북 경주시 광중길 24,투썸플레이스
전주에코호수DT점,전라북도 전주시 덕진구 과학로 147 (전미동1가) 투썸플레이스 전주에코호수DT점,투썸플레이스
포천대진대점, 경기도 포천시 호국로 982 (선단동) 1층,투썸플레이스
충남청양점,충청남도 청양군 청양읍 읍내리 329-22,투썸플레이스
신촌연세로점,서울특별시 서대문구 연세로 28 (창천동) 28 1층~4층,투썸플레이스
성남시청점,경기도 성남시 중원구 여수동 190,투썸플레이스
여수한재사거리점,전라남도 여수시 좌수영로 25 (광무동) 1층,투썸플레이스
남양주오남점,경기도 남양주시 오남읍 진건오남로536번길 6 (오남리) 1층,투썸플레이스
선릉로점,"서울특별시 강남구 선릉로93길 54 (역삼동, 일환빌딩) 1~2층",투썸플레이스
삼성도심공항점,"서울특별시 강남구 테헤란로87길 35 (삼성동,금강타워3) 1F",투썸플레이스
양양점,강원도 양양군 양양읍 군청길 71 (남문리) 1층,투썸플레이스
의정부고산점,경기도 의정부시 문충로 114,투썸플레이스
마산현동점,경상남도 창원시 마산합포구 현동로 36 (우산동) 1층,투썸플레이스
광교역점, 경기도 수원시 영통구 대학1로 47 (이의동) 투썸플레이스,투썸플레이스
울산송정점,울산 북구 송정동 420,투썸플레이스
안산본오점,"경기도 안산시 상록구 샘골로 124 (본오동,로스코프라자) 102호, 104호",투썸플레이스
부산서대신점,부산광역시 서구 구덕로321번길 11 (서대신동2가) 1층,투썸플레이스
충북증평점,충청북도 증평군 증평읍 초중리 43-2,투썸플레이스
세종반곡점,"세종특별자치시  한누리대로 1820 (반곡동,왕관빌딩) 1층~2층",투썸플레이스
강동명일점,서울특별시 강동구 양재대로 1615 (천호동) 1층,투썸플레이스
송도타임스페이스점,인천광역시 연수구 송도동 8-22,투썸플레이스
인천동암역점,인천광역시 부평구 열우물로 44 (십정동) 1층,투썸플레이스
진영DT점,경상남도 김해시 진영읍 여래리 51,투썸플레이스
수원장안구청점,"경기도 수원시 장안구 경수대로 940 (조원동,일호골든타워) 1층",투썸플레이스
광주일곡점,광주광역시 북구 양일로 331 (일곡동) 1층,투썸플레이스
하남풍산점,경기도 하남시 덕풍동로 111-33 필지 (덕풍동),투썸플레이스
청주비하점,"충청북도 청주시 흥덕구 2순환로 1112 , 1층",투썸플레이스
분당수내점,"경기도 성남시 분당구 황새울로258번길 31 (수내동,분당예미지빌딩) 1층 투썸플레이스",투썸플레이스
평택로데오점,경기도 평택시 중앙2로 16 (평택동) 298-1,투썸플레이스
아산신용화점,"충청남도 아산시 어의정로 93, 1층",투썸플레이스
전주효천점,전라북도 전주시 완산구 쑥고개로 324,투썸플레이스
대림역점,"서울특별시 영등포구 도림로 135 (대림동,건설빌딩) 104호,105호, 204호,205호",투썸플레이스
청라시티타워점,인천광역시 서구 청라한내로72번길 23 (청라동) 청라쓰리엠파크 119호 206호,투썸플레이스
송도커낼워크점,"인천광역시 연수구 아트센터대로 87 (송도동,커낼워크D4 WINTER) 401동 101호201호",투썸플레이스
평내호평점,경기도 남양주시 경춘로 1329 (평내동) 1층,투썸플레이스
노원구청점,"서울특별시 노원구 노해로 449 (상계동,덕화빌딩) 1~2층",투썸플레이스
종암점,"서울특별시 성북구 종암로 103 (종암동) 1층,2층",투썸플레이스
서초구청점,서울특별시 서초구 서운로 7 (서초동) 1층,투썸플레이스
구미봉곡점,경상북도 구미시 봉곡북로 69 (봉곡동) 1층,투썸플레이스
창원대산점,경상남도 창원시 의창구 대산면 진산대로355번길 14-16 (제동리) 1층,투썸플레이스
부산더블유스퀘어점,"부산광역시 남구 분포로 145 (용호동,더블유) 더블유스퀘어 1037~1040호",투썸플레이스
세종신흥점,세종특별자치시 조치원읍 신흥리 166-11,투썸플레이스
안양덕천점,"경기도 안양시 만안구 태평로60번길 42 (안양동, 센트럴타워2) 2층 201,202호(안양동 .센트럴타워 2층)",투썸플레이스
은평구청점,서울특별시 은평구 은평로 194 (응암동) 더위일아파트 1층,투썸플레이스
대치사거리점,서울특별시 강남구 삼성로 334 (대치동) 1F 투썸플레이스 대치사거리점,투썸플레이스
다산신도시점,경기도 남양주시 다산중앙로 117 (다산동) 인강E타워 1층,투썸플레이스
부산사상점,"부산광역시 사상구 사상로 213 (괘법동,다사랑한의원, 투썸플레이스) 1층",투썸플레이스
장안동사거리점,"서울특별시 동대문구 답십리로 273 (장안동,한양빌딩) 1층",투썸플레이스
이천마장점,경기도 이천시 마장면 오천로 55 (오천리) 1층,투썸플레이스
부산구서SK점,부산광역시 금정구 수림로72번길 104 (구서동) 1층~2층,투썸플레이스
왜관DT점,경상북도 칠곡군 왜관읍 관문로 173 (왜관리) 투썸플레이스 왜관DT점,투썸플레이스
인천제물포역점,인천광역시 미추홀구 경인로 154,투썸플레이스
부산중동점,"부산광역시 해운대구 해운대로 743 (중동,정우빌딩) 1팀",투썸플레이스
인천계산역점,"인천광역시 계양구 경명대로 1074 (계산동,삼환1빌딩) 101호",투썸플레이스
태백중앙로점,강원도 태백시 번영로 357 (황지동) 2층,투썸플레이스
아리수경주호텔점,경북 경주시 영불로 207,투썸플레이스
화곡역점,"서울특별시 강서구 강서로 163 (화곡동) 1,2층",투썸플레이스
진해여좌점,"경상남도 창원시 진해구 충장로 147 (여좌동,헤븐하임) 경남 창원시 진해구 충장로 147 헤",투썸플레이스
여수죽림점,전라남도 여수시 죽림중앙로 7-39,투썸플레이스
송도랜드마크시티점,"인천광역시 연수구 랜드마크로 68, 301동(송도동,랜드마크시티더샵)",투썸플레이스
청주CJB센터점,충청북도 청주시 서원구 1순환로 840 (산남동) 1층,투썸플레이스
경남합천점,경상남도 합천군 합천읍 충효로 13-1 (합천리) 1층,투썸플레이스
서초센트럴아이파크점,서울특별시 서초구 서초동 1582-3,투썸플레이스
대구수성알파시티점,대구광역시 수성구 알파시티2로 95 (노변동) 201호,투썸플레이스
천안청수행정타운점,충청남도 천안시 동남구 청수13로 14 (청당동) 1층,투썸플레이스
대전은행점,대전광역시 중구 대종로488번길 54 (은행동) 2층 투썸플레이스,투썸플레이스
신대방삼거리점,서울특별시 동작구 국사봉1길 32,투썸플레이스
울산삼산중로점,울산광역시 남구 삼산중로 29 (달동) 1층,투썸플레이스
창원아티움시티점,경상남도 창원시 의창구 창원대로397번길 11 (팔용동) 1층,투썸플레이스
일산마두점,"경기도 고양시 일산동구 중앙로 1181 (장항동,교보생명 일산사옥) 1층,2층",투썸플레이스
부산대정문점,부산광역시 금정구 금강로 260-2 (장전동) 투썸플레이스 부산대정문점,투썸플레이스
제주신화빌라스점,제주특별자치도 서귀포시 안덕면 신화역사로304번길 139 (서광리) 1층,투썸플레이스
마곡역점,서울 강서구 마곡동 798-9,투썸플레이스
롯데마트영통역점,"경기도 수원시 영통구 봉영로 1579 (영통동,롯데마트영통점) 1층",투썸플레이스
시화MTV점,"경기도 시흥시 시화벤처로 222 (정왕동,경남기전(주)) 1층",투썸플레이스
일산장항점,"경기도 고양시 일산동구 무궁화로 43-15 (장항동,한강세이프빌) 108호,109호",투썸플레이스
부산하단레이어스호텔점,부산광역시 사하구 낙동남로 1395 (하단동) 1층,투썸플레이스
충남대학교병원점,"대전광역시 중구 문화로 282 (대사동,충남대학교병원) 본관1층",투썸플레이스
관양현대점,"경기도 안양시 동안구 관평로327번길 11 (관양동,현대상가) 1층",투썸플레이스
성수낙낙점,서울특별시 성동구 아차산로17길 49 1층,투썸플레이스
경산사동점,"경상북도 경산시 백자로 55 (사동) 1,2층",투썸플레이스
상암MBC점,"서울특별시 마포구 성암로 267 (상암동,(주)문화방송) 113호",투썸플레이스
성남고등점,경기도 성남시 수정구 고등로 2길9,투썸플레이스
왜관매원리점,경상북도 칠곡군 왜관읍 봉계로 190 (매원리) 1층,투썸플레이스
성남을지대점,경기도 성남시 수정구 산성대로 533 (양지동) 1층,투썸플레이스
원흥역점,경기도 고양시 덕양구 권율대로 668 (원흥동) 티오피클래식오피스텔 1층,투썸플레이스
동수원사거리점,"경기도 수원시 팔달구 중부대로 129 (지동,중부빌딩) 수원시 팔달구 중부대로129, 1층(지",투썸플레이스
수원아이파크시티점,"경기도 수원시 권선구 동수원로177번길 90 (권선동,수원아이파크시티9단지) 1층",투썸플레이스
동탄호수공원점,경기도 화성시 동탄순환대로5길 5-24 (송동) 1층 투썸플레이스 동탄호수공원점,투썸플레이스
부산광안역점,"부산광역시 수영구 수영로582번길 10 (광안동,광안역 성원상떼빌) 1층 투썸플레이스 부산광안역점",투썸플레이스
압구정역점,"서울특별시 강남구 압구정로 158 (신사동,진우빌딩) 1층",투썸플레이스
충북옥천점,"충청북도 옥천군 옥천읍 중앙로 159 (문정리,자동차정비소) 1층",투썸플레이스
목동하이페리온점,"서울특별시 양천구 오목로 300 (목동,현대하이페리온2) 1,2층",투썸플레이스
울산태화강역점,울산 남구 삼산동 1638-1,투썸플레이스
명동L7점,서울특별시 중구 퇴계로 137 (충무로2가) L7호텔 1층,투썸플레이스
세종아름점,세종특별자치시 아름동 1167,투썸플레이스
대구월배역포스코점,대구광역시 달서구 상원로 113 (상인동) 1~4층,투썸플레이스
마산산호점,"경상남도 창원시 마산합포구 삼호로 53 (산호동,명성빌딩) 1층",투썸플레이스
대구시지점,"대구광역시 수성구 달구벌대로645길 11 (신매동,신매동SNL메디타워) 108,109,202호",투썸플레이스
대구월촌역점,대구광역시 달서구 월배로 324 (송현동) 1층 투썸플레이스 대구월촌역점,투썸플레이스
청주가경파크점,충청북도 청주시 흥덕구 서현로 90(가경동),투썸플레이스
당진시청점,충청남도 당진시 남부로 260-24 (수청동) 1층,투썸플레이스
위례역점,경기도 성남시 수정구 위례서일로 6 (창곡동) 1층,투썸플레이스
올림픽평화의문점,"서울특별시 송파구 올림픽로 424 (방이동,올림픽공원) 평화의광장 B1",투썸플레이스
춘천소양강댐점,강원도 춘천시 신북읍 신샘밭로 750 (천전리) 1-2층,투썸플레이스
용인보정점,"경기도 용인시 기흥구 죽전로 53 (보정동, 야후빌딩) 1층~2층",투썸플레이스
수원호매실점,"경기도 수원시 권선구 금곡로102번길 45 (금곡동) 1층,2층",투썸플레이스
마포대흥점,"서울특별시 마포구 대흥로 183 (대흥동,신촌그랑자이상가) 1층",투썸플레이스
인천효성점,"인천광역시 계양구 새벌로 112, 1층 108호 (효성동, 마스터즈)",투썸플레이스
안산한대앞역점,"경기도 안산시 상록구 광덕1로 382 (이동,덕성프라자) 경기도 안산시 상록구 이동 716-1",투썸플레이스
대전가장로점,대전광역시 서구 가장로 63 (괴정동) 투썸플레이스,투썸플레이스
충남대점,대전광역시 유성구 대학로 87 (궁동) 투썸플레이스,투썸플레이스
대치선릉점,서울특별시 강남구 테헤란로70길 16 (대치동) 테헤란로70길 16-0  (대치동),투썸플레이스
동양미래대점,서울특별시 구로구 경인로47길 34-1 (고척동) 1층,투썸플레이스
용마산역점,서울특별시 중랑구 면목로 249 (면목동) ,투썸플레이스
디지털미디어시티역점,"서울특별시 마포구 성암로 189 (상암동,중소기업 DMC 타워) 1층",투썸플레이스
동백중앙점,"경기도 용인시 기흥구 동백5로 21-11 (중동,동백 훼미리프라자 1) 2층",투썸플레이스
제주쇠소깍점,제주특별자치도 서귀포시 쇠소깍로 134 (하효동) 2층,투썸플레이스
인천임학점,인천광역시 계양구 장제로 899-1 (임학동) 1층,투썸플레이스
거제아주점,경상남도 거제시 아주1로2길 58 (아주동) 1층,투썸플레이스
명동성당사거리점,서울특별시 중구 마른내로 6 (저동2가) 1층~3층,투썸플레이스
성남태평역점,경기도 성남시 수정구 수정로73번길 6-6 (태평동) 1층,투썸플레이스
인천숭의점,"인천광역시 미추홀구 인주대로 51 (숭의동, 더스테이프라임월드) ",투썸플레이스
홍대예술의거리점,"서울특별시 마포구 와우산로21길 36-3 (서교동,태윤빌딩) 2~4층",투썸플레이스
미사강변SKV1센터점,"경기도 하남시 미사강변한강로 155 (망월동,미사강변SKV1center) 151~154호",투썸플레이스
인천강화점,인천광역시 강화군 강화읍 강화대로 401-1 1층,투썸플레이스
포항초곡점,경상북도 포항시 북구 흥해읍 초곡리 1352,투썸플레이스
양양정암해변점,강원도 양양군 강현면 동해대로 3343 (정암리) 1층,투썸플레이스
아일랜드리솜점,"충청남도 태안군 안면읍 꽃지해안로 204 (중장리,리솜오션캐슬) 1층",투썸플레이스
인천만수3지구점,"인천광역시 남동구 장승남로 44 (만수동,명진프라자) 2층",투썸플레이스
제주애월하귀점,제주특별자치도 제주시 애월읍 일주서로 7209 (하귀1리) 1층,투썸플레이스
제천강저점,충청북도 제천시 청풍호로10길 40 (강제동) 1층,투썸플레이스
김해대로점,경상남도 김해시 김해대로 2447 (삼정동) 투썸플레이스 김해대로점,투썸플레이스
서여의도점,"서울특별시 영등포구 국회대로70길 15-1 (여의도동,극동브이아이피빌딩) 1층",투썸플레이스
인천가정루원시티점,"인천광역시 서구 염곡로 468 (가정동,드림타워) 1층",투썸플레이스
대구상인점,"대구광역시 달서구 월배로 202 (상인동) 1,2층",투썸플레이스
양산통도사점,"경상남도 양산시 하북면 통도사로 45 (순지리) 1,2층",투썸플레이스
원주혁신H타워점,강원도 원주시 혁신로 19 (반곡동) 강원도 원주시 혁신로 19,투썸플레이스
아산배방점,"충청남도 아산시 배방읍 모산로 115-4 (공수리,화인빌딩) 아산시 모산로 115-4",투썸플레이스
대구연경점,대구광역시 북구 연경동 954-3,투썸플레이스
송산그린시티점,경기도 화성시 꽃내음2길 12-2 (새솔동) 프라임타워 1F,투썸플레이스
삼호가든사거리점,"서울특별시 서초구 서초중앙로 238 (반포동,삼호가든쇼핑센타) 가든리체프라자 2층 251호",투썸플레이스
상일동역점,"서울특별시 강동구 고덕로 390 (상일동,고덕아르테온아파트(상가1동)) 202호,203호",투썸플레이스
가양역점,"서울특별시 강서구 양천로 504 (등촌동,명문빌딩) 1층",투썸플레이스
전주진북점,전라북도 전주시 덕진구 전주천동로 342 (진북동) 1층,투썸플레이스
대구동성로스파크점,대구광역시 중구 동성로6길 61 (공평동) 1층,투썸플레이스
영동군청점,"충청북도 영동군 영동읍 동정로 30 (동정리,골든렉시움오피스텔) 1층",투썸플레이스
동해북삼점,"강원도 동해시 청운2길 42 (쇄운동,태화빌딩) 1층",투썸플레이스
송파위례트랜짓몰점,"서울특별시 송파구 위례광장로 170 (장지동,힐스테이트송파위례) 1층",투썸플레이스
강변역점,서울특별시 광진구 구의강변로 53 (구의동) 옥산빌딩1층,투썸플레이스
대구수목원점,대구광역시 달서구 상화로 34 (대곡동) 2층,투썸플레이스
인천산곡점,"인천광역시 부평구 원적로 392 (산곡동,백마타운) 1층",투썸플레이스
광주운천호수공원점,광주광역시 서구 마륵복개로 149,투썸플레이스
야탑역점,"경기도 성남시 분당구 성남대로916번길 5 (야탑동,관보골든쇼핑스포츠빌딩)2층201호",투썸플레이스
천안신불당파크점,"충청남도 천안시 서북구 불당34길 25-2 (불당동) 1, 2층",투썸플레이스
소노벨천안점,"충청남도 천안시 동남구 성남면 종합휴양지로 200 (용원리,대명리조트) .",투썸플레이스
오이도씨하이호텔점,"경기도 시흥시 오이도로135번길 72 (정왕동,오이도서종호텔) 오이도씨하이호텔 2층",투썸플레이스
대림삼거리점,"서울특별시 영등포구 시흥대로 675 (대림동,삼성YJ그랜드빌딩) 1층",투썸플레이스
의정부가능역점,경기도 의정부시 평화로 647,투썸플레이스
독산사거리점,"서울특별시 금천구 시흥대로 422 (독산동,한국금형공업협동조합) 시흥대로 422 1층",투썸플레이스
청주산남중앙점,충청북도 청주시 서원구 산미로 95 (산남동) 투썸플레이스,투썸플레이스
광주용산지구점,광주광역시 동구 화산로 261 (용산동) 202호(용산동),투썸플레이스
청주분평대로점,충청북도 청주시 서원구 1순환로 1142 (분평동) 투썸플레이스,투썸플레이스
청주공항로점,충청북도 청주시 청원구 공항로 237 (사천동) 투썸플레이스,투썸플레이스
행신역점,경기도 고양시 덕양구 충장로 6 (행신동) 102호 201호 202호,투썸플레이스
송파나루역점,"서울특별시 송파구 오금로 154 (송파동,한라빌딩) 1층",투썸플레이스
광흥창역점,"서울특별시 마포구 독막로 145 (창전동,서강쌍용예가) 1F(105-106호),2F(20",투썸플레이스
을지로입구역점,"서울특별시 중구 남대문로 92 (을지로2가,한국전력공사) 1층",투썸플레이스
암사역점,"서울특별시 강동구 올림픽로 778 (암사동) 1,2층",투썸플레이스
북대구IC주유소DT점,대구광역시 북구 동북로 113 (산격동) 1층,투썸플레이스
남양주장현점,경기도 남양주시 진접읍 금강로1573번길 6 (장현리) 1층,투썸플레이스
울산성남점,울산광역시 중구 만남의거리 15,투썸플레이스
수원나혜석거리점,"경기도 수원시 팔달구 인계로166번길 48-15 (인계동,영성빌딩) 1F 투썸플레이스 수원나혜석거리점",투썸플레이스
문정KD70점,"서울특별시 송파구 정의로8길 4 (문정동,KDG70) 1층",투썸플레이스
[휴점]오션월드점,강원도 홍천군 서면 한치골길 262 (팔봉리) 실내존,투썸플레이스
인천검암점,인천광역시 서구 승학로 508,투썸플레이스
천안불당점,충청남도 천안시 서북구 불당4로 111 (불당동) 1층,투썸플레이스
서초역점,"서울특별시 서초구 서초대로 254 (서초동,오퓨런스) 102",투썸플레이스
광교상현역점,경기도 용인시 수지구 광교중앙로 310 (상현동) 1층,투썸플레이스
강남역삼로점,서울특별시 강남구 역삼로 118 (역삼동) 1층,투썸플레이스
고양삼송신원점,경기도 고양시 덕양구 권율대로 896-7 (신원동) 1층,투썸플레이스
광주태전점,"경기도 광주시 태전중앙로 20 (태전동,스카이가든) 지하1층",투썸플레이스
부천범박점,경기도 부천시 괴안동 254-5,투썸플레이스
양평오빈점,경기도 양평군 양평읍 경강로 1663 (오빈리) 2~3층,투썸플레이스
김포홈플러스점,경기도 김포시 중봉로 14 (감정동) 홈플러스 2층,투썸플레이스
구의역점,"서울특별시 광진구 자양로 116 (구의동,웰츠타워) 1층",투썸플레이스
분당효자촌점,"경기도 성남시 분당구 돌마로 482 (서현동,주영빌딩) 1F",투썸플레이스
내방역점,"서울특별시 서초구 서초대로 99 (방배동) 투썸플레이스 1,2층",투썸플레이스
부산법조타운점,"부산광역시 연제구 법원남로15번길 17 (거제동,대원빌딩) 1층 투썸플레이스",투썸플레이스
마산삼계점,경상남도 창원시 마산회원구 내서읍 경남대로 909 (삼계리) 1층,투썸플레이스
신도림아름제일여성병원점,서울특별시 구로구 새말로 94 (구로동) 1층,투썸플레이스
안산호수마을점,"경기도 안산시 단원구 광덕1로 64 (초지동,현대프라자) 202호, 203호",투썸플레이스
인천영종운서점,인천광역시 중구 햇내로28번길 10,투썸플레이스
서산예천점,"충청남도 서산시 예천1로 3-57, 1~2층(예천동)",투썸플레이스
대구이시아점,대구광역시 동구 팔공로51길 11 (봉무동) 1층,투썸플레이스
평택세교점,"경기도 평택시 세교4로 9, 1층(세교동)",투썸플레이스
대구계명대병원점,"대구광역시 달서구 달구벌대로 1019 (호산동) 동행빌딩 203호,303호",투썸플레이스
광주상무메이루즈점,"광주광역시 서구 시청로 27, 1층 129호",투썸플레이스
가산대성디폴리스점,"서울특별시 금천구 서부샛길 606 (가산동,대성디폴리스지식산업센터) 101,104호",투썸플레이스
구리중앙점,경기 구리시 이문안로 62,투썸플레이스
망우점,"서울특별시 중랑구 망우로 403 (망우동,삼부빌딩) 1층 투썸플레이스",투썸플레이스
광주광산구청점,광주광역시 광산구 광산로29번길 16 (송정동) 1층,투썸플레이스
장유율하원메이저점,경상남도 김해시 율하임수길 5,투썸플레이스
여의도롯데캐슬아이비점,"서울특별시 영등포구 국제금융로 86 (여의도동,롯데캐슬 아이비) 1층 투썸플레이스 여의도롯데캐",투썸플레이스
원주문막점,"강원도 원주시 문막읍 원문로 1700-1 코아루아너스 아파트 상가 1,2층",투썸플레이스
순천백강대로점,"전라남도 순천시 백강로 367 (조례동) 1층,2층",투썸플레이스
노량진점,서울특별시 동작구 노량진로 174 (노량진동) 1층,투썸플레이스
송파거여역점,"서울특별시 송파구 오금로 495 (거여동,FIAMA) 서울 송파구 거여동 26-3",투썸플레이스
광주마륵DT점,광주광역시 서구 상무대로 632 (마륵동) 1-2층,투썸플레이스
부평구청역점,"인천광역시 부평구 길주남로 4 (부평동,진흥빌딩) 1층",투썸플레이스
부천신중동역점,"경기도 부천시 길주로 276 (중동,무광오피스텔) 101호,203호",투썸플레이스
신사세로수길점,"서울특별시 강남구 압구정로 112 (신사동,동광빌딩) 1층",투썸플레이스
청주분평점,"충청북도 청주시 서원구 청남로 1996 (분평동,메리퀸) 1층 투썸플레이스",투썸플레이스
용인한숲시티점,"경기도 용인시 처인구 남사면 한숲로 84 (완장리,e편한세상용인한숲시티) 1층 투썸플레이스 용인한숲",투썸플레이스
대구세천점,대구광역시 달성군 다사읍 세천로 109 (세천리) 1~2층,투썸플레이스
동천이스트팰리스점,"경기도 용인시 수지구 손곡로 111 (동천동) 지하1층(동천동, 유진빌딩)",투썸플레이스
고대SK미래관점,"서울특별시 성북구 안암로 145 (안암동5가,고려대학교안암캠퍼스) (인문사회계 계열)",투썸플레이스
파이낸셜뉴스빌딩점,"서울특별시 서초구 강남대로 315 (서초동,클리포드(주)빌딩) (서초동1338-23)",투썸플레이스
동묘앞역점,"서울특별시 종로구 종로 335 (창신동,원풍빌딩) 투썸플레이스 동묘앞역점",투썸플레이스
대구남구청희망로점,대구광역시 남구 희망로 5 (봉덕동) 투썸플레이스 대구남구청희망로,투썸플레이스
익산원광대점,전북 익산시 동서로 5길 91,투썸플레이스
안성공도점,경기도 안성시 공도읍 공도로 25 (용두리) 1층,투썸플레이스
광주오포점,"경기도 광주시 오포읍 오포로 150 (능평리) 1,2층 전부",투썸플레이스
군산나운점,전라북도 군산시 수송로 123,투썸플레이스
경북신도청중앙점,경상북도 안동시 풍천면 검무로 10-19(갈전리),투썸플레이스
다산블루웨일점,경기 남양주시 다산중앙로19번길 21 다산블루웨일1차 (다산동),투썸플레이스
울산무거점,"울산광역시 남구 대학로 128 (무거동,하늘빌딩) 1층",투썸플레이스
약수역점,서울특별시 중구 다산로 113 (신당동) 서울 중구 신당동 361-24,투썸플레이스
목동메가박스점,"서울특별시 양천구 목동동로 309 (목동,행복한세상) 6층 투썸플레이스",투썸플레이스
수원금곡점,경기도 수원시 권선구 매곡로 108 (금곡동) 1층,투썸플레이스
광명신촌사거리점,"경기도 광명시 금하로 529 (소하동) 비엔팰리스 1,2층",투썸플레이스
부산동서대점,부산광역시 사상구 냉정로 113 (주례동) 투썸플레이스 부산동서대점,투썸플레이스
뱅뱅사거리점,"서울특별시 서초구 강남대로 263 (서초동,새움빌딩) 1층 투썸플레이스",투썸플레이스
광교엘포트점,"경기도 수원시 영통구 광교중앙로 145 (이의동,광교엘포트아이파크) 1층",투썸플레이스
소공로북창점,"서울특별시 중구 세종대로14길 15 (북창동,백영북창빌딩) 1층",투썸플레이스
충주호암점,"충청북도 충주시 호암수청2로 15,1층(호암동)",투썸플레이스
안산월피점,"경기도 안산시 상록구 예술광장로 29 (월피동,지혜빌딩) 104호~108호",투썸플레이스
동교동삼거리점,서울특별시 서대문구 신촌로 1 (창천동) 1층,투썸플레이스
인천청라국제도시점,"인천광역시 서구 청라라임로 65 (청라동,라임타워) 1층",투썸플레이스
대구7호광장점,대구광역시 달서구 달구벌대로344길 68 (두류동) 투썸대구7호광장점,투썸플레이스
중구YTN점,"서울특별시 중구 세종대로5길 22 (봉래동1가,오현) 1층",투썸플레이스
영천시청점,경상북도 영천시 충효로 60 (문외동) 투썸플레이스,투썸플레이스
대전관저더샵점,"대전광역시 서구 계백로828번길 65 (관저동) 1층, 투썸플레이스",투썸플레이스
팔당점,경기도 남양주시 와부읍 경강로 768,투썸플레이스
대전노은3지구점,대전광역시 유성구 반석로 51 (반석동) 1층,투썸플레이스
충무로역점,"서울특별시 중구 퇴계로 206 (필동2가,동인빌딩) 동인빌딩",투썸플레이스
하남유니온점,"경기도 하남시 신장동로 128 (신장동,하남유치원) 1층",투썸플레이스
대구남산점,대구광역시 중구 중앙대로 295(남산동) 1층,투썸플레이스
청주오창중부점,"충청북도 청주시 청원구 오창읍 양청송대길 5, 101, 102호(분평동)",투썸플레이스
천안직산점,"충청남도 천안시 서북구 직산읍 봉주로 54 (삼은리,청운부동산) 1층",투썸플레이스
향남로데오점,경기도 화성시 향남읍 상신하길로298번길 7-29 (하길리) 1층,투썸플레이스
진해자은점,경남 창원시 진해구 자은동 143-2,투썸플레이스
수원영통구청점,"경기도 수원시 영통구 매탄로108번길 52 (매탄동,로진프라자) 1층",투썸플레이스
대구계명대점,대구광역시 달서구 계대동문로 11 (신당동) 투썸플레이스 대구계명대,투썸플레이스
천호로데오점,서울특별시 강동구 천호대로157길 19 (천호동) 2F,투썸플레이스
삼전역점,"서울특별시 송파구 삼전로 66 (삼전동,SM76(순명빌딩)) 1, 2층",투썸플레이스
여수웅천해변공원점,전남 여수시 웅천남6로 21(웅천동),투썸플레이스
대구동북로점,대구광역시 동구 동북로 316 (신암동) 1층,투썸플레이스
남대구M갤러리점,대구광역시 달서구 성서공단로 357 (장동) 투썸플레이스 남대구M갤러리점,투썸플레이스
대전전민점,대전광역시 유성구 유성대로1689번길 6 (전민동) 1~2층,투썸플레이스
광교이루리타워점,"경기도 수원시 영통구 도청로89번길 30 (이의동,이루리타워) 1층",투썸플레이스
서산테크노밸리점,"충청남도 서산시 성연면 성연3로 57-7 (일람리,알파빌딩) 1층~2층",투썸플레이스
북삼인평점,"경상북도 칠곡군 북삼읍 북삼로8길 2 (인평리,우신원룸) 1층",투썸플레이스
부산몰운대점,부산광역시 사하구 몰운대2길 45 (다대동) 1층,투썸플레이스
울산삼산현대점,울산광역시 남구 돋질로 259 (삼산동) 투썸플레이스 울산삼산현대,투썸플레이스
강남역중앙점,서울특별시 강남구 테헤란로1길 16 (역삼동) 2층,투썸플레이스
도곡타워팰리스점,"서울특별시 강남구 언주로30길 56 (도곡동,타워팰리스) 1층",투썸플레이스
평택안중점,경기도 평택시 안중읍 안현로서8길 31-4 (현화리) 1층,투썸플레이스
안양예술공원점,경기도 안양시 만안구 예술공원로 131번길 8,투썸플레이스
부산광복점,부산광역시 중구 광복로 49 (창선동1가) 2~3층,투썸플레이스
창원사림현대점,경상남도 창원시 의창구 사림동 161-2,투썸플레이스
울산달동대영점,울산광역시 남구 도산로107번길 6 (달동) 1층,투썸플레이스
양천신목로점,"서울특별시 양천구 신목로 50 (신정동,리더스빌딩) 1층",투썸플레이스
청담역점,"서울특별시 강남구 영동대로 704 (청담동,삼강빌딩) 1층",투썸플레이스
광릉수목원점,경기도 포천시 소흘읍 죽엽산로 691 (직동리) 1층,투썸플레이스
대전반석점,"대전광역시 유성구 반석로 7 (반석동,애니빌프라자) 1층",투썸플레이스
대전문화점,대전광역시 중구 계룡로 911 (문화동),투썸플레이스
명동올리브영점,서울특별시 중구 명동길 53 (명동1가) 2층,투썸플레이스
일산애니골점,"경기도 고양시 일산동구 애니골길 7-5 (풍동) 1층일부 , 2층일부",투썸플레이스
포항두호점,경상북도 포항시 북구 두호로 26 (두호동) 1층,투썸플레이스
낙성대역점,"서울특별시 관악구 남부순환로 1926 (봉천동,경동제약빌딩) 1층 투썸플레이스 낙성대역점",투썸플레이스
남부지방법원점,서울특별시 양천구 신월로 385 (신정동) 투썸플레이스 남부지방법원점,투썸플레이스
거제바람의언덕점,경상남도 거제시 남부면 도장포1길 62 (갈곶리) 2층 투썸플레이스,투썸플레이스
인천영종하늘중앙로점,"인천광역시 중구 하늘중앙로225번길 3 (중산동,영종M타워) 1층",투썸플레이스
대구TBC점,대구광역시 수성구 동대구로 36 (지산동) 1층,투썸플레이스
청주예술의전당DT점,충청북도 청주시 흥덕구 직지대로 680,투썸플레이스
대전과학기술대점,"대전광역시 서구 복수서로 10 (복수동,계룡아파트) 275-31 1,2층 투썸플레이스",투썸플레이스
가산하이엔드클래식점,서울특별시 금천구 벚꽃로24길 26 (가산동) 1층,투썸플레이스
부산광안비치점,부산 수영구 광안해변로 165,투썸플레이스
대전가수원CGV점,대전 서구 가수원동 1042,투썸플레이스
대구수성점,대구광역시 수성구 달구벌대로 2333(수성동4가),투썸플레이스
인천동춘점,"인천광역시 연수구 앵고개로264번길 30-5 (동춘동,청한빌딩) 1층",투썸플레이스
동두천지행역점,경기도 동두천시 지행로 53 (지행동) 1-2층,투썸플레이스
보문역점,서울특별시 성북구 보문로 125 (보문동2가) 1층,투썸플레이스
강남신사점,"서울특별시 강남구 강남대로152길 22 (신사동) 1,2층 투썸플레이스 강남신사점",투썸플레이스
상계점,서울시 노원구 한글비석로 412,투썸플레이스
부천옥길점,"경기도 부천시 옥길로 110-11, 1층 104,105,106,107호(옥길동)",투썸플레이스
대전용전DT점,대전광역시 동구 한밭대로 1246,투썸플레이스
광명하안점,"경기도 광명시 하안로287번길 21 (하안동,진명빌딩) 35-2",투썸플레이스
증평블랙스톤벨포레리조트점,충북 증평군 벼루재길 512-15,투썸플레이스
대전가오점,대전광역시 동구 은어송로77번길 7 (가오동) 투썸플레이스 가오점,투썸플레이스
킨텍스꿈에그린점,경기도 고양시 일산서구 킨텍스로 240 (대화동) 1층,투썸플레이스
구로디지털역깔깔거리점,서울특별시 구로구 디지털로32길 97-39 (구로동) 2층,투썸플레이스
인천갈산역점,인천광역시 부평구 평천로 286 (갈산동) ,투썸플레이스
대전자운대점,대전광역시 유성구 신성로 119 (신성동) 투썸플레이스,투썸플레이스
울산삼산본동점,울산광역시 남구 남중로 100 (삼산동) 1층,투썸플레이스
운정역점,경기도 파주시 경의로 1250 (와동동) 엠버418 111호~114호,투썸플레이스
순천오천점,전라남도 순천시 오천7길 26 (오천동) 1층,투썸플레이스
울산정자점,울산광역시 북구 동해안로 1540 (정자동) 투썸플레이스,투썸플레이스
정읍상동점,"전라북도 정읍시 신경2길 22-9 (상동,제일꽃 시장) 1층",투썸플레이스
세종어진점,"세종특별자치시  한누리대로 492 (어진동,청암빌딩) 1층",투썸플레이스
염창역점,"서울특별시 양천구 공항대로 630 (목동,어바니엘) 101호",투썸플레이스
청주지웰시티점,충청북도 청주시 흥덕구 대농로 70 (복대동) 1층 투썸플레이스,투썸플레이스
포천송우점,경기도 포천시 소흘읍 송우리 204 2층,투썸플레이스
구미확장단지점,경상북도 구미시 산동면 신당리1462,투썸플레이스
순천금당점,"전라남도 순천시 대석길 35 (연향동,순천시산림조합) 1층",투썸플레이스
대전관저느리울점,대전광역시 서구 구봉로147번길 68-12 (관저동) 1층 투썸플레이스,투썸플레이스
방학역점,서울 도봉구 도봉로 696,투썸플레이스
황학신당역점,서울특별시 중구 퇴계로 447 (황학동),투썸플레이스
인천문학점,인천광역시 미추홀구 매소홀로 590 (문학동) ,투썸플레이스
청라호수공원점,"인천광역시 서구 청라루비로 93 (청라동, 루비타워) ",투썸플레이스
답십리점,서울특별시 동대문구 고미술로 81 (답십리동),투썸플레이스
오산시티자이점,경기도 오산시 부산중앙로 25-6 (부산동) 1층,투썸플레이스
오산궐동점,경기 오산시 대호로 93,투썸플레이스
인천도화점,인천 미추홀구 숙골로87번길 28-1,투썸플레이스
평택용죽점,경기도 평택시 용죽3로 18 (용이동) 1층,투썸플레이스
제주영어도시점,제주특별자치도 서귀포시 대정읍 글로벌에듀로 370 (보성리) 1층,투썸플레이스
일산주엽점,"경기도 고양시 일산서구 중앙로 1413 (주엽동,동영빌딩) 101 , 201",투썸플레이스
도농사거리점,경기도 남양주시 경춘로 365 (다산동) 1층,투썸플레이스
여수루지파크점,"전라남도 여수시 소라면 안심산길 155 (죽림리) N동,6층",투썸플레이스
신촌대로점,서울특별시 마포구 신촌로 74 (노고산동) 1층,투썸플레이스
시흥물왕점,"경기도 시흥시 산현마을길 50 (산현동,목감레이크타워) 101,102,201,202,20",투썸플레이스
세종고운힐데스하임점,세종시 고운동 1810,투썸플레이스
상수역점,서울특별시 마포구 독막로 86 (상수동) 1층,투썸플레이스
안성한경대점,경기도 안성시 중앙로 274 (석정동) 투썸플레이스 안성한경대점,투썸플레이스
평택팽성점,경기도 평택시 팽성읍 팽성송화로 153 (송화리) 1층,투썸플레이스
가산디지털점,"서울특별시 금천구 가산디지털1로 186 (가산동,제이플라츠) 1층 106, 106-1호",투썸플레이스
강남세곡점,"서울특별시 강남구 헌릉로569길 21-30 (세곡동,드림하이오피스텔) 1층",투썸플레이스
평택청북점,"경기도 평택시 청북읍 청북남로 260, 109,209호(한샘쇼핑센터)",투썸플레이스
부산송정힐스점,부산광역시 해운대구 송정광어골로 83 (송정동) 2층,투썸플레이스
진해해양공원점,경남 창원시 진해구 명동로 62,투썸플레이스
남대전IC점,대전광역시 동구 산내로 1217-8 (구도동) 1층,투썸플레이스
군산시청점,전라북도 군산시 조촌4길 3,투썸플레이스
을지트윈타워점,서울특별시 중구 을지로 170 (을지로4가) 을지트윈타워,투썸플레이스
순천풍덕점,"전라남도 순천시 하풍동길 1-1(풍덕동,호텔라움) 1층",투썸플레이스
파주동패점,경기 파주시 동패동 36-11,투썸플레이스
마산해운동점,경상남도 창원시 마산합포구 월영동4길 10,투썸플레이스
영천동부점,"경상북도 영천시 호국로 126 (망정동) 1,2층",투썸플레이스
아산모종점,충남 아산시 모종남로42번길 37,투썸플레이스
화성와우리점,경기도 화성시 봉담읍 와우로 24 (와우리) 1동 1층 123호(도원프라자),투썸플레이스
고양행신점,"경기도 고양시 덕양구 충장로 134 (행신동,아이프라자) 1층",투썸플레이스
용인기흥구청점,"경기도 용인시 기흥구 구갈로60번길 5-1 (구갈동,다빈치 프라자) 1F,2F 투썸플레이스",투썸플레이스
이대역점,서울 서대문구 이화여대길 7,투썸플레이스
광주첨단호수공원점,광주광역시 광산구 첨단중앙로182번길 22 (쌍암동) 투썸플레이스 광주첨단호수공원점,투썸플레이스
화성동탄나루점,경기도 화성시 동탄솔빛로 68,투썸플레이스
순천법원점,"전라남도 순천시 왕지로 30 (왕지동,거형빌딩) 1층",투썸플레이스
전주평화점,"전라북도 전주시 완산구 맏내3길 4 (평화동1가,자바데이브) 투썸플레이스 전주평화점",투썸플레이스
석수역점,"서울특별시 금천구 시흥대로8 1층101호, 2층201호(시흥동,아르스파크)",투썸플레이스
제주노형오거리점,제주특별자치도 제주시 1100로 3339 (노형동) 1층,투썸플레이스
포항대도점,경상북도 포항시 남구 포스코대로 380 (대도동) 1층,투썸플레이스
미아사거리역점,서울시 강북구 도봉로8길 5,투썸플레이스
광주첨단2지구점,광주광역시 북구 첨단연신로91번길 10 (신용동) 투썸플레이스 광주첨단2지구점,투썸플레이스
강남KI타워점,서울특별시 서초구 강남대로69길 8 (서초동) KI타워,투썸플레이스
대구대실역점,대구광역시 달성군 다사읍 달구벌대로 1층,투썸플레이스
강남역KR타워점,"서울특별시 강남구 강남대로84길 13 (역삼동) KR타워 1, 2층",투썸플레이스
마산저도점,경남 창원시 마산합포구 구산면 큰개길 13,투썸플레이스
이천하이닉스점,"경기도 이천시 부발읍 경충대로 2091 (아미리,에스케이하이닉스) MF동 1층",투썸플레이스
아산이순신대로점,충남 아산시 탕정면 매곡로 39-23,투썸플레이스
천안터미널점,"충청남도 천안시 동남구 만남로 43 (신부동,신세계백화점충청점,천안종합버스터미널) B동 지하1",투썸플레이스
충정로센트럴플레이스점,"서울특별시 중구 서소문로 50 (중림동,CENTRAL PLACE) 1층",투썸플레이스
부산하단점,부산광역시 사하구 낙동대로 464 (당리동) 1층,투썸플레이스
예산수덕사점,"충청남도 예산군 덕산면 수덕사안길 33-5 (사천리,덕산도립공원관리사무소) 1층",투썸플레이스
구로대륭7차점,"서울특별시 구로구 디지털로33길 48 (구로동,대륭포스트타워7차) 구로대륭포스트타워7차",투썸플레이스
구미진평점,경상북도 구미시 인동남길 112 (진평동) 1층,투썸플레이스
평택석정점,경기도 평택시 돌우물길 1 (이충동) 1층,투썸플레이스
수락산역점,"서울특별시 노원구 동일로243길 13 (상계동,대성빌딩) 1층",투썸플레이스
동대구점,"대구광역시 동구 동부로30길 12 (신천동) 1,2층",투썸플레이스
인천공항세인물류센터점,인천광역시 중구 자유무역로 25 (운서동),투썸플레이스
위례중앙점,"경기도 성남시 수정구 위례광장로 300 (창곡동,위례중앙역중앙타워) 1층",투썸플레이스
울산상안점,울산광역시 북구 신답로 31 (상안동) 1층,투썸플레이스
홍대걷고싶은거리점,서울특별시 마포구 어울마당로 109 (동교동) 1~3층,투썸플레이스
광주염주점,광주광역시 서구 월드컵4강로 114,투썸플레이스
대구고성3가점,대구광역시 북구 원대로 52 (고성동3가) 1층,투썸플레이스
대구두산동DT점,대구광역시 수성구 무학로 121,투썸플레이스
방배CJ건설사옥점,"서울특별시 서초구 남부순환로 2271 (방배동,CJ방배사옥) 1층 투썸플레이스",투썸플레이스
비발디파크점,강원도 홍천군 서면 한치골길 262 비발디파크 오크동 1층,투썸플레이스
진주혁신로데오점,"경상남도 진주시 충의로 20-4 (충무공동) 106호, 107호",투썸플레이스
금정역점,"경기 군포시 엘에스로  153-18 엘엔씨타워 108,109,110호",투썸플레이스
광주수완우미점,광주광역시 광산구 수완로49번길 14 (수완동) 투썸플레이스 광주수완우미점,투썸플레이스
팔공산휴온천점,경북 칠곡군 동명면 기성리 930 외 7필지,투썸플레이스
길동점,서울특별시 강동구 천호대로 1207 (길동) 1층,투썸플레이스
의왕서해그랑블점,"경기도 의왕시 경수대로 262 (오전동,서해그랑블) 의왕서해그랑블 상가 124호",투썸플레이스
제주노형DT점,제주특별자치도 제주시 월랑로 70 (노형동) 1층,투썸플레이스
보라매삼성쉐르빌점,"서울특별시 동작구 보라매로5길 43 (신대방동,보라매삼성쉐르빌) 1층",투썸플레이스
둔산은하수점,대전광역시 서구 대덕대로176번길 9 (둔산동) 1층,투썸플레이스
한양대엔터식스점,"서울특별시 성동구 왕십리로 241 (행당동,서울숲더샵) 1층",투썸플레이스
삼척의료원점,강원 삼척시 오십천로 421,투썸플레이스
이천의료원점,경기도 이천시 관고동 186-16,투썸플레이스
영등포시장사거리점,서울특별시 영등포구 영등포로 193 (영등포동6가) 서울특별시 영등포구 영등포로193 (영등,투썸플레이스
강남일원점,"서울특별시 강남구 일원로 28 (일원동,기호빌딩) 1층",투썸플레이스
평택리버타워점,경기도 평택시 오성면 강변로 521 (당거리) 리버타워 4층,투썸플레이스
인천신포점,인천광역시 중구 신포로 16-1 (신생동) ,투썸플레이스
화순동구리호수공원점,"전라남도 화순군 화순읍 진각로 326 (동구리) 1,2,3,4층",투썸플레이스
부산초량점,부산 동구 중앙대로 325,투썸플레이스
CJ더센터점,서울특별시 중구 소월로 2길 12,투썸플레이스
김해진영점,경남 김해시 진영읍 장등로 90,투썸플레이스
포천중앙점,경기 포천시 중앙로 142,투썸플레이스
울산매곡점,울산 북구 매곡동 230,투썸플레이스
올림픽공원역점,서울특별시 송파구 올림픽로 424,투썸플레이스
서소문점,"서울특별시 중구 서소문로 135 1층(서소문동, 연호빌딩)",투썸플레이스
당산역점,"서울특별시 영등포구 양평로 36 (당산동6가,삼원빌딩) 36 1층, 2층",투썸플레이스
대방역점,서울특별시 영등포구 영등포로 422 (신길동) 영등포구 영등포로 422,투썸플레이스
동탄산척점,경기 화성시 동탄2지구 근상45블럭 2롯트 8312-202,투썸플레이스
문정역점,서울특별시 송파구 법원로 114,투썸플레이스
등촌CGV스윗바점,서울특별시 강서구 공항대로45길 63 (등촌동) ,투썸플레이스
충북대소점,충북 음성군 대소 대금로 432-3,투썸플레이스
세종고운힐스테이트점,세종시 마음안1로 137,투썸플레이스
대구영대병원역점,대구 남구 대명로 291,투썸플레이스
인천용현점,인천광역시 미추홀구 아암대로 87,투썸플레이스
포항쌍용점,경북 포항시 북구 중흥로 123,투썸플레이스
학동사거리점,서울 강남구 선릉로 806,투썸플레이스
파주운정산내점,경기 파주시 청암로17번길 67,투썸플레이스
시흥정왕점,경기 시흥시 중심상가4길 16-1(정왕동.길재빌딩),투썸플레이스
송탄렉스빌점,경기도 평택시 지산로6번길 60,투썸플레이스
용인역북점,경기도 용인시 처인구 명지로60번길 8-10,투썸플레이스
구로대륭1차점,서울 구로구 디지털로 288 1층 114호,투썸플레이스
울산달동목화점,울산 남구 달동 왕생로39,투썸플레이스
부산남포점,"부산광역시 중구 구덕로 40, 호림빌딩 1층",투썸플레이스
파주문산점,경기도 파주시 문향로 97,투썸플레이스
부산다대포점,부산광역시 사하구 다대로 708,투썸플레이스
교보타워사거리점,서울특별시 서초구 사평대로 368,투썸플레이스
서귀포신시가지점,"제주도 서귀포시 신서귀로 31, 2,3층(법환동)",투썸플레이스
고잔신도시점,경기도 안산시 단원구 광덕2로 185-18,투썸플레이스
울산명촌점,울산 북구 명촌로 44,투썸플레이스
가락시장역2호점,서울 송파구 송파대로 260,투썸플레이스
안동강변점,경상북도 안동시 육사로 273 (운흥동) 1층,투썸플레이스
세종호수공원점,"세종특별자치시 도움8로 91, 111호, 112호, 205호",투썸플레이스
대구팔공순환로점,대구 동구 서촌로 81,투썸플레이스
양산신도시점,경남 양산시 양산역3길 10 10길,투썸플레이스
국회의사당역점,서울 영등포구 의사당대로 21,투썸플레이스
화순중앙점,전남 화순군 화순읍 쌍충로 70-7,투썸플레이스
강남역아라타워점,"서울특별시 서초구 서초대로77길 3 (서초동, 아라타워) 아라타워 2층 투썸플레이스",투썸플레이스
대전갈마점,"대전 서구 신길마로 186, 125호(갈마동)",투썸플레이스
김포학운점,경기도 김포시 양촌읍 황금로 109번길 1,투썸플레이스
마곡나루역점,"서울 강서구 마곡중앙5로 6 마곡보타닉푸르지오시티 157, 158, 239, 240호",투썸플레이스
청주금천점,충북 청주시 상당구 산성로98번길 8-1 (금천동),투썸플레이스
인덕원대륭테크노점,경기도 안양시 동안구 시민대로 401,투썸플레이스
강서등촌로점,서울 강서구 등촌로 177,투썸플레이스
도봉보건소점,서울 도봉구 도봉로 578,투썸플레이스
충북금왕점,충청북도 음성군 금왕읍 무극로 216 (무극리) 투썸플레이스 충북금왕점,투썸플레이스
울산진장CGV스윗바점,울산 북구 진장동 120-9,투썸플레이스
다산법원점,"경기도 남양주시 다산중앙로 82번안길 132-76, 1층(다산동)",투썸플레이스
고성간성점,강원도 고성군 간성읍 간성로 18,투썸플레이스
합정메세나폴리스점,서울 마포구 양화로 45,투썸플레이스
동탄역앨리스빌점,경기도 화성시 동탄대로 469-12,투썸플레이스
이천터미널점,경기도 이천시 이섭대천로 1207,투썸플레이스
수유사거리점,"서울 강북구 도봉로 295, 스타타워",투썸플레이스
해남군청점,전남 해남군 해남읍 군청길 1,투썸플레이스
창원시티세븐점,"경남 창원시 의창구 원이대로320, 더시티세븐 W동 지상층 206호",투썸플레이스
역삼점,서울 강남구 논현로 419,투썸플레이스
구리담터점,경기도 구리시 불암로 3,투썸플레이스
동탄2시범단지점,경기도 화성시 동탄대로시범길 148-58,투썸플레이스
송파구청사거리점,서울 송파구 오금로 81,투썸플레이스
고신대복음병원점,부산 서구 감천로 255,투썸플레이스
광주성심병원점,광주 광산구 용아로 257,투썸플레이스
익산원광대병원점,"전북 익산시 무왕로 893, 교수연구동 1층",투썸플레이스
평택포승점,경기도 평택시 포승읍 여술2길 15,투썸플레이스
교대역점,서울 서초구 서초대로 304 1층,투썸플레이스
포항화진점,경북 포항시 북구 동해대로 3258-0,투썸플레이스
한성대입구역점,서울 성북구 동소문로 6,투썸플레이스
원주무실DT점,강원도 원주시 북원로 2056 (무실동),투썸플레이스
진천블로썸캠퍼스점,충북 진천군 진천읍 송두2길 1,투썸플레이스
서현도서관점,경기도 성남시 분당구 새마을로 10,투썸플레이스
평촌스마트베이점,경기도 안양시 동안구 벌말로 123,투썸플레이스
경주안강점,경북 경주시 안강읍 산대리 1488-1,투썸플레이스
인천석남사거리점,인천 서구 건지로 264,투썸플레이스
성수SKV타워점,서울 성동구 연무장5가길 25,투썸플레이스
방배카페거리점,"서울 서초구 방배중앙로 204, 리첸시아 방배 1층",투썸플레이스
잠실역점,서울 송파구 올림픽로35다길 32 (신천동),투썸플레이스
청주하복대점,충북 청주시 흥덕구 2순환로 1167번길 13-0 1~2층(복대동),투썸플레이스
은평뉴타운점,"서울 은평구 진관3로 20 1,2층 (진관동,SW메디컬빌딩)",투썸플레이스
창원천주산점,경남 창원시 의창구 청주로 121번길 3(동정동),투썸플레이스
수서역점,서울 강남구 광평로 56길 8-13,투썸플레이스
마산창동점,경남 창원시 마산합포구 불종거리로 24,투썸플레이스
공덕해링턴스퀘어점,서울 마포구 마포대로 92 B동 1층,투썸플레이스
군산디오션시티점,전북 군산시 궁포1로 24-9,투썸플레이스
부산역점,부산 동구 중앙대로 201-0  (초량동),투썸플레이스
해운대수목원점,부산 해운대구 반송로 617,투썸플레이스
대전모다아울렛점,대전 유성구 대정로 5,투썸플레이스
종로알파빌딩점,서울 종로구 종로 34 알파빌딩,투썸플레이스
안산고잔점,경기도 안산시 단원구 고잔1길 7,투썸플레이스
강동역점,서울 강동구 천호대로 1077,투썸플레이스
용인구성점,경기도 용인시 기흥구 구성로 110,투썸플레이스
동여의도점,"서울 영등포구 국제금융로2길 7 1층 (여의도동, 두레빌딩",투썸플레이스
대전청사점,대전 서구 청사로 234,투썸플레이스
화성병점점,"경기도 화성시 병점1로 236-12, 1층 칭부호(진안동)",투썸플레이스
전북남원점,"전라북도 남원시 시청로 40 (도통동) 1,2층",투썸플레이스
문정로데오점,서울 송파구 동남로 132,투썸플레이스
창원대방점,경남 창원시 성산구 가양로 124-19,투썸플레이스
부산동아대점,부산 사하구 (하단동) 낙동대로 534-0 투썸플레이스,투썸플레이스
강남IBC점,서울 강남구 테헤란로7길 8,투썸플레이스
대구범물점,"대구 수성구 지범로52길 61, 1,2층(범물동)",투썸플레이스
청주오창2산단점,충북 청주시 청원구 오창읍 2산단로 124,투썸플레이스
부산괘법점,부산 사상구 새벽로 220,투썸플레이스
대구서재점,대구 달성군 다사읍 서재로7길 36,투썸플레이스
당진터미널점,충남 당진시 당진중앙2로 415,투썸플레이스
하이원워터월드점,강원도 정선군 사북읍 하이원길 175,투썸플레이스
예산터미널점,충남 예산군 예산읍 금오대로 4545,투썸플레이스
송도트리플스트리트점,"인천 연수구 송도과학로 16번길 33-2, B동 1,2층",투썸플레이스
아크로비스타점,"서울 서초구 서초중앙로 188 지하1층 101호 (서초동, 아크로비스타)",투썸플레이스
대구대곡점,대구 달서구 갈밭로24,투썸플레이스
파동가창점,대구 달성군 가창면 가창로 1127,투썸플레이스
팔공산칠곡동명점,경북 칠곡군 동명면 한티로 502,투썸플레이스
홍성소향점,충남 홍성군 홍성읍 도청대로7,투썸플레이스
원주터미널점,강원도 원주시 서원대로172(단계동),투썸플레이스
여수베네치아호텔점,전라남도 여수시 오동도로 61-13 (수정동) 1층,투썸플레이스
여수여서점,"전라남도 여수시 여서동1길 38 (여서동) 1,2층",투썸플레이스
산본사거리점,경기도 군포시 고산로 685,투썸플레이스
강남구청역점,서울 강남구 학동로 335,투썸플레이스
광주수완점,광주광역시 광산구 임방울대로 355 (수완동) 1층,투썸플레이스
인천공항교통센터점,인천광역시 중구 공항로 271 인천국제공항 여객터미널 지하1층 교통센터 (운서동),투썸플레이스
강남도산점,서울 강남구 도산대로37길 19 1층 (신사동),투썸플레이스
서초유니온타워점,서울 서초구 서초대로 353 1층 (서초동),투썸플레이스
마산행복농원점,경남 창원시 마산합포구 가포로 589,투썸플레이스
망원역점,서울 마포구 월드컵로 62-0 (서교동),투썸플레이스
용인동백역점,경기 용인시 기흥구 중동 841~860 851-2,투썸플레이스
광주장덕점,"광주 광산구 장신로 39, 1층 (장덕동)",투썸플레이스
익산모현점,전북 익산시 배산로3길 24-5,투썸플레이스
진해용원점,"경남 창원시 진해구 4청안로 241-61, 외 3필지(안골동)",투썸플레이스
서현중앙점,경기도 성남시 분당구 황새울로 337,투썸플레이스
원주시청점,강원도 원주시 무실동 1724-6,투썸플레이스
김천신음점,경북 김천시 시청로 98,투썸플레이스
매경미디어센터점,"서울 중구 퇴계로 190, 매경미디어 센터",투썸플레이스
경북문경점,경북 문경시 중앙로 140,투썸플레이스
수원북문점,경기도 수원시 장안구 팔달로 269,투썸플레이스
박달사거리점,경기도 안양시 만안구 박달로 517,투썸플레이스
동해중앙점,강원도 동해시 한섬로 111-3,투썸플레이스
경기광주CGV점,경기도 광주시 중앙로 89,투썸플레이스
부산화명수정점,부산 북구 화명신도시로 2,투썸플레이스
금촌로터리점,경기도 파주시 번영로 2,투썸플레이스
역삼성홍타워점,서울 강남구 테헤란로 138 성홍타워,투썸플레이스
제주애월다인호텔점,제주도 제주시 애월읍 애월해안로 394,투썸플레이스
울주군청율리점,"울산 울주군 청량읍 웅촌로 1202, 1층 ,2층",투썸플레이스
종각역점,서울 종로구 종로 72-0  (종로2,투썸플레이스
부산거제점,부산광역시 연제구 아시아드대로 101-0  (거제동),투썸플레이스
여주강변점,경기도 여주 주내로 31,투썸플레이스
김해구산점,경남 김해시 구산로 27번길 14(구산동),투썸플레이스
삼성역점,"서울 강남구 테헤란로 520, 삼안빌딩",투썸플레이스
대구누네안과병원점,대구 중구 달구벌대로 2179,투썸플레이스
대전식장산점,대전 동구 세천공원로 42,투썸플레이스
수유CGV스윗바점,서울 강북구 도봉로 399,투썸플레이스
강동구청점,서울 강동구 성내로 48 성내로 48,투썸플레이스
쌍문역점,서울 도봉구 도봉로 461,투썸플레이스
수원영통점,"경기도 수원시 영통구 청명남로 39 (영통동, 럭셔리프라자) 럭셔리프라자 101호~103호",투썸플레이스
대구종로점,대구 중구 종로 31,투썸플레이스
부산동래롯데점,부산 동래구 중앙대로 1381번길 5,투썸플레이스
세종다정점,세종특별자치시 다정중앙로 45,투썸플레이스
동탄역CGV스윗바점,경기도 화성시 동탄대로 537 (오산동) 5층,투썸플레이스
송파올림픽아파트남문점,서울 송파구 위례성대로 198,투썸플레이스
가락시장역점,서울 송파구 중대로 113,투썸플레이스
김천혁신도시점,경상북도 김천시 혁신4로 81,투썸플레이스
을지로점,서울 중구 남대문로 10길 30 (수하동),투썸플레이스
춘천사농점,강원도 춘천시 영서로 2938,투썸플레이스
LG광화문빌딩점,서울 종로구 새문안로 58,투썸플레이스
대산터미널점,충남 서산시 대산읍 정자동2로 11-30,투썸플레이스
수원시청점,"경기도 수원시 팔달구 권광로 175번길 52,105호(인계",투썸플레이스
전주CGV중앙점,전북 전주시 완산구 전주객사3길 72,투썸플레이스
강남세브란스점,서울 강남구 언주로 211 211,투썸플레이스
평택시청점,경기도 평택시 중앙로 272,투썸플레이스
반포효성점,서울 서초구 반포대로 235-0 투썸플레이스 (반포동),투썸플레이스
울산우정혁신도시점,울산 중구 종가로 310,투썸플레이스
광주운암점,광주 북구 대자실로 30,투썸플레이스
장안점,서울 동대문구 장한로 73,투썸플레이스
청주율량점,충북 청주시 청원구 주성로 263 우솔빌딩 (주중동),투썸플레이스
엔타워점,"서울 용산구 남산공원길 126 (용산동2가, 남산타워",투썸플레이스
인천공항여객터미널점,"인천 중구 공항로 272, 지하1층(운서동, 여객터미널)",투썸플레이스
양재매헌역점,"서울 서초구 강남대로16길 3, 양재디에스타워 1층",투썸플레이스
건대입구CGV스윗바점,서울시 광진구 아차산로30길 36,투썸플레이스
마곡점,서울 강서구 마곡중앙6로 40,투썸플레이스
영등포CGV점,"서울 영등포구 영중로 15, 타임스퀘어 4층",투썸플레이스
센텀CGV점,"부산 해운대구 센텀남대로 35, 신세계백화점 서관7층",투썸플레이스
대전CGV점,"대전 중구 계백로 1700, 세이2 6층",투썸플레이스
광주봉선점,광주 남구 봉선로 156,투썸플레이스
경찰병원역점,서울 송파구 중대로 135,투썸플레이스
대구칠곡학정점,대구 북구 호국로 808,투썸플레이스
제주애월한담점,제주도 애월읍 애월리 2489번지 외 1필지,투썸플레이스
목포백년대로점,전남 목포시 백년대로 319,투썸플레이스
광주용봉CGV점,"광주광역시 북구 문화소통로 170 (용봉동,하미스포렉스) 1층",투썸플레이스
금천롯데캐슬골드파크점,서울 금천구 벚꽃로 40,투썸플레이스
청주나보나스퀘어점,충북 청주시 상당구 상당로 66,투썸플레이스
대치삼성점,"서울특별시 강남구 영동대로86길 21 (대치동, 태화빌딩) 태화빌딩 1층",투썸플레이스
오리CGV스윗바점,"경기도 성남시 분당구 탄천상로151번길 20 (구미동, 월드쇼핑(CGVSquare)) 애플플라자 4층",투썸플레이스
구미G7스퀘어점,경북 구미시 야은로 296,투썸플레이스
춘천CGV스윗바점,강원 춘천시 지석로 80 투탑시티 3층,투썸플레이스
신림녹두거리점,서울 관악구 신림로 127,투썸플레이스
충남금산점,충남 금산군 금산읍 금산로 1528,투썸플레이스
일산위시티점,경기도 고양시 일산동구 위시티로 81-0,투썸플레이스
포항송도점,경북 포항시 남구 송도해안길 68,투썸플레이스
부산동래역점,부산 동래구 명륜로 129번 가길 7 C동  2층,투썸플레이스
대구가창점,대구 달성군 가창면 가창로 176길 30,투썸플레이스
창원용호점,경남 창원시 성산구 용지로 169번길 11-14,투썸플레이스
울산태화루점,울산 중구 태화로 287,투썸플레이스
대구MBC네거리점,"대구 동구 동대구로 415-1, 1~3층(신천동)",투썸플레이스
화성향남점,경기도 화성시 향남읍 발안로 103-6,투썸플레이스
전북부안점,전북 부안군 부안읍 석정로 220,투썸플레이스
봉담L패션타운점,"경기도 화성시 봉담읍 삼천병마로 1079-9, 2층",투썸플레이스
광주쌍촌DT점,광주 서구 상무대로 956번길 3 1~2층 (쌍촌동),투썸플레이스
센텀스카이비즈점,부산 해운대구 센텀중앙로 97 (재송동),투썸플레이스
천안업성LAKE점,"충남 천안시 서북구 업성수변로 79,1-2층(성성동)",투썸플레이스
창원중동점,경남 창원시 의창구 평산로207번길 4,투썸플레이스
부산온천천점,"부산 동래구 온천천로 329, 2층(수안동)",투썸플레이스
오산세교점,"경기도 오산시 문헌공로 9, 103.104.201.202호(금왕동, G플레이스",투썸플레이스
영주가흥점,경북 영주시 대학로 262번길 10,투썸플레이스
대전탄방중앙점,"대전 서구 둔산남로 94, 1~2층",투썸플레이스
울산중리사거리점,울산 남구 돋질로 322,투썸플레이스
전남영광점,전남 영광군 천년로 1498,투썸플레이스
부산가덕도점,부산 강서구 가덕해안로 590(천성동),투썸플레이스
충북보은점,충북 보은군 보은읍 보청대로 1859,투썸플레이스
통영죽림점,경남 통영시 광도면 죽림해안로 144,투썸플레이스
부산아트몰링점,부산 사하구 낙동남로 1413,투썸플레이스
의정부금오점,경기도 의정부시 청사로 45,투썸플레이스
남양주진접점,경기도 남양주시 진접읍 해밀예당3로 87,투썸플레이스
대구신평리점,대구 서구 국채보상로 223,투썸플레이스
천안용곡점,충청남도 천안시 동남구 용곡5길 37-4,투썸플레이스
인천만수향촌점,인천 남동구 만수로 80,투썸플레이스
대전유성온천점,대전광역시 유성구 온천로 84 (봉명동),투썸플레이스
안성중앙대점,경기도 안성시 대덕면 서동대로 4717,투썸플레이스
서울역센트럴자이점,"서울 중구 만리재로 175, 401동 2층",투썸플레이스
부천세무서점,경기도 부천시 신흥로 270,투썸플레이스
창원상남점,경남 창원시 성산구 마디미로 44번길 9,투썸플레이스
경남함안점,경남 함안군 가야리 81-0,투썸플레이스
세관사거리점,서울 강남구 논현동 90-2 1층,투썸플레이스
목포하당점,전남 목포시 통일대로 66,투썸플레이스
인천법원점,"인천 미추홀구 소성로 197, 1층 (학익동)",투썸플레이스
충주연수점,충북 충주시 계명대로 계명대로 229-1(연수동),투썸플레이스
왕산해수욕장점,인천 중구 을왕동 808-25,투썸플레이스
서면중앙점,부산시 부산진구 동천로 63,투썸플레이스
동전주점,전북 전주시 덕진구 동부대로 841,투썸플레이스
아산북수점,충청남도 아산시 배방읍 배방로210 투썸플레이스,투썸플레이스
석계역점,서울 노원구 석계로1길 10(월계동),투썸플레이스
수원고색점,"경기도 수원시 권선구 매송고색로794번길 225, 1,2층",투썸플레이스
속초갯배점,강원 속초시 청초호반로 324-1,투썸플레이스
광명소하점,"경기 광명시 소하로92번길 6-9, 1층 106호~109호",투썸플레이스
군자역점,서울 광진구 능동로 289,투썸플레이스
국립중앙박물관2점,서울 용산구 서빙고로 137,투썸플레이스
논산대학로점,충남 논산시 중앙로 130,투썸플레이스
국립중앙박물관1점,서울 용산구 서빙고로 137,투썸플레이스
한양대학생복지관점,서울 성동구 왕십리로 222 .1층 왕십리로 222 .1층 한양대학교 학생복지관 1층,투썸플레이스
구리갈매점,경기도 구리시 갈매중앙로 89-8,투썸플레이스
서현로데오점,경기도 성남시 분당구 분당로53번길 16,투썸플레이스
부천MJ컨벤션점,경기 부천시 소사구 경인로 386,투썸플레이스
논현역사거리점,"서울 강남구 강남대로 548, 1층",투썸플레이스
언양교동점,울산 울주군 삼남면 교동리 삼남면 교동리 300-4,투썸플레이스
인천간석점,인천 남동구 남동대로 894,투썸플레이스
대전법원점,대전 서구 둔산로137번지 36 1층,투썸플레이스
광주수완롯데마트점,광주 광산구 장신로 98,투썸플레이스
CGV상봉스윗바점,서울 중랑구 상봉로 131,투썸플레이스
압구정로데오역점,서울 강남구 선릉로 845,투썸플레이스
천안신부점,충남 천안시 동남구 먹거리10길 12,투썸플레이스
강남수서점,서울 강남구 광평로 34길 30,투썸플레이스
일산문화공원점,경기도 고양시 정발산로 31-17,투썸플레이스
대구진천아이팜메디타워점,대구 달서구 월배로 58,투썸플레이스
옥수역점,서울 성동구 독서당로40길 37,투썸플레이스
동탄타운하우스점,경기도 화성시 10용사로 563,투썸플레이스
여수라테라스점,전라남도 여수시 돌산읍 진모1길 29-14 (평사리) 1층,투썸플레이스
경북성주점,경북 성주군 성주로 3263-3,투썸플레이스
서울시립대점,서울 동대문구 전농로 214,투썸플레이스
부산백양대로점,부산 사상구 백양대로 655,투썸플레이스
김해외동점,경남 김해시 분성로 112,투썸플레이스
대전월평선사점,"대전 서구 청사로 128, 103, 106-1호",투썸플레이스
상계사거리점,서울 노원구 동일로 1374,투썸플레이스
전주하가점,전북 전주시 덕진구 가련산로 20,투썸플레이스
창원사파점,경남 창원시 성산구원이대로 773번길 27-1 (사파동),투썸플레이스
용인보라점,경기 용인시 기흥구 사은로 31,투썸플레이스
양산북정점,경남 양산시 삼성3길 3-0  (북정동),투썸플레이스
숭실대점,서울 동작구 사당로 36-1,투썸플레이스
인천삼산점,인천 부평구 길주로 659 미라쥬타워,투썸플레이스
굽은다리역점,서울 강동구 양재대로 1539,투썸플레이스
명동대연각타워점,서울 중구 퇴계로 97 대연각타워 25-5,투썸플레이스
CGV소풍스윗바점,경기도 부천시 송내대로 239,투썸플레이스
인천검단사거리점,인천 서구 완정로 151-1,투썸플레이스
경산신대점,"경북 경산시 압량면 대학로 365, 1층 102호",투썸플레이스
가산아울렛점,서울 금천구 벚꽃로 298,투썸플레이스
양천구청점,서울 양천구 목동서로 349,투썸플레이스
전남녹동점,"전라남도 고흥군 도양읍 우주항공로 54 (봉암리) 1,2층",투썸플레이스
대구주얼리광장점,대구 중구 동성로 81-3,투썸플레이스
동수원병원점,경기 수원시 팔달구 중부대로 165,투썸플레이스
부평시장역점,"인천 부평구 부평대로65, 1층",투썸플레이스
아차산역점,서울 광진구 천호대로 642,투썸플레이스
대구옥포송해공원점,대구 달성군 옥포면 옥포로 305,투썸플레이스
분당정자역점,경기 성남시 분당구 성남대로331번길 3-9,투썸플레이스
분당구미점,경기 성남시 분당구 미금로 39,투썸플레이스
부산다송로점,부산 사하구 다송로 84번길 38(다대동),투썸플레이스
용인상현점,경기 용인시 수지구 만현로 124,투썸플레이스
경산하양점,경북 경산시 하양읍 하양로 58,투썸플레이스
대학로아트점,"서울특별시 종로구 동숭길 123 (동숭동, 드림아트센터) 1층",투썸플레이스
대전노은역점,대전 유성구 은구비서로23번길 15,투썸플레이스
충남태안점,충남 태안군 태안읍 정주내1길 4,투썸플레이스
전남대캠퍼스점,"광주광역시 북구 용봉로 77 (용봉동,전남대학교) 용봉문화관 1층",투썸플레이스
전주송천점,전북 전주시 덕진구 동부대로 1145,투썸플레이스
경희대점,서울 동대문구 경희대로 7-1,투썸플레이스
청원오창호수공원점,충북 청주시 청원구 오창읍 과학산업2로 373,투썸플레이스
삼척교동점,강원 삼척시 정상로 71,투썸플레이스
상왕십리역점,"서울 성동구 왕십리로 410, L동 B1층114호 센트라스",투썸플레이스
광화문역점,서울 중구 세종대로 135-9,투썸플레이스
대구삼성크리에이티브캠퍼스점,대구 북구 호암로 51,투썸플레이스
쌍문중앙점,서울 도봉구 도봉로 482,투썸플레이스
인천서구청점,인천 서구 서곶로 300,투썸플레이스
전주교직원공제회관점,전북 전주시 완산구 온고을로 1,투썸플레이스
북서울꿈의숲점,"서울 강북구 월계로 183, 1층",투썸플레이스
김포DT점,경기 김포시 김포대로 1533,투썸플레이스
부산장림점,부산 사하구 장림로 222,투썸플레이스
군산수송점,전북 군산시 남수송3길 43,투썸플레이스
남양주화도점,경기 남양주시 화도읍 수레로 1180,투썸플레이스
시흥스마트허브점,경기 시흥시 공단1대로 263,투썸플레이스
경북도청점,경북 안동시 풍천면 천년숲서로 29,투썸플레이스
서산터미널점,충남 서산시 율지4로 5,투썸플레이스
대전장대점,대전 유성구 유성대로 756,투썸플레이스
동대구환승터미널점,대구 동구 동부로 149,투썸플레이스
천안성정제일점,충남 천안시 서북구 쌍용대로 233,투썸플레이스
울산신선도원몰점,"울산 북구 진장17길 10, 3층",투썸플레이스
전주백제로점,전북 전주시 덕진구 백제대로 736,투썸플레이스
화순전남대병원점,전남 화순군 화순읍 서양로 322,투썸플레이스
공주신관점,충남 공주시 흑수골길 34,투썸플레이스
천안신불당CGV점,충청남도 천안시 서북구 번영로 201 (불당동) 102~105호,투썸플레이스
구리돌다리점,경기 구리시 경춘로 223,투썸플레이스
구로구청사거리점,서울 구로구 가마산로 250,투썸플레이스
안산성포점,경기 안산시 상록구 성포로 30,투썸플레이스
광주풍암점,광주 서구 풍암순환로 113,투썸플레이스
양산물금점,경남 양산시 물금읍 범어로 75,투썸플레이스
아산테크노밸리점,충남 아산시 둔포면 아산밸리중앙로 80-13,투썸플레이스
동탄신리점,경기 화성시 동탄대로14길 5-67,투썸플레이스
신림로점,서울 관악구 신림로 328,투썸플레이스
파주교하점,경기 파주시 청석로 264,투썸플레이스
합정역점,서울 마포구 독막로 5,투썸플레이스
대구이곡점,대구 달서구 성서로 375,투썸플레이스
광주금호점,광주 서구 금화로 67,투썸플레이스
행담도휴게소(상)점,충남 당진시 신평면 서해안고속도로 275,투썸플레이스
강서송정역점,서울 강서구 공항대로 30,투썸플레이스
중랑역점,"서울 중랑구 망우로 202, 2층",투썸플레이스
신내홈플러스점,서울 중랑구 신내로 201,투썸플레이스
천안쌍용점,충남 천안시 서북구 서부대로 396,투썸플레이스
해운대장산역점,부산 해운대구 양운로 56,투썸플레이스
시흥사거리점,서울 금천구 시흥대로 228,투썸플레이스
서면지오플레이스점,"부산 부산진구 동천로 4 1015-1호 ,1016,1017호",투썸플레이스
제주루마인점,제주 제주시 구좌읍 해맞이해안로 2498,투썸플레이스
신세계DF명동점,서울 중구 퇴계로 77 11층,투썸플레이스
의정부태흥CGV스윗바점,"경기 의정부시 시민로 80, 15층(의정부동)",투썸플레이스
청주성화점,충북 청주시 서원구 서부로 1346,투썸플레이스
울산간절곶점,울산 울주군 서생면 간절곶 1길 30-18,투썸플레이스
잠실롯데점,서울 송파구 올림픽로 240,투썸플레이스
제주한라대점,제주 제주시 한라대학로 17,투썸플레이스
청주율량좋은점,충북 청주시 청원구 1순환로 130,투썸플레이스
천진해수욕장점,강원 고성군 토성로 126,투썸플레이스
묵동자이점,서울 중랑구 동일로 932,투썸플레이스
양산증산점,경남 양산시 물금읍 야리로 112,투썸플레이스
목포북항점,전남 목포시 원산중앙로 7,투썸플레이스
부천역로데오점,경기 부천시 부일로 454,투썸플레이스
제천점,충북 제천시 의림대로 의림대로 254,투썸플레이스
건대스타시티점,서울 광진구 능동로 90,투썸플레이스
왕십리역점,서울 성동구 왕십리광장로 17,투썸플레이스
동래CGV점,"부산 동래구 중앙대로 1523, 6층",투썸플레이스
창원귀산점,경남 창원시 성산구 삼귀로 167,투썸플레이스
군포당동점,경기 군포시 용호2로 63-8,투썸플레이스
광주도산점,광주광역시 광산구 송도로 160 (도산동) 1층,투썸플레이스
강원홍천점,강원 홍천군 홍천읍 신장대로 62,투썸플레이스
동탄CGV스윗바점,경기 화성시 동탄중앙로 220,투썸플레이스
울산전하점,울산광역시 동구 방어진순환도로 783,투썸플레이스
대전테크노밸리점,대전 유성구 관평2로 20 (관평동),투썸플레이스
광주첨단쌍암점,광주 광산구 임방울대로826번길 25,투썸플레이스
대구운암지점,대구 북구 구암로 232,투썸플레이스
의정부민락중앙점,경기 의정부시 오목로205번길 21,투썸플레이스
광양생태공원점,"전라남도 광양시 마장1길 4 (중동,태완노블리안) 1,2층",투썸플레이스
신방화역점,"서울 강서구 방화대로 294, 마곡더블유타워",투썸플레이스
종로5가역점,서울 종로구 종로 201-1,투썸플레이스
대전괴정점,대전 서구 도솔로388번길 8,투썸플레이스
파주시청사거리점,경기 파주시 중앙로 256,투썸플레이스
사가정역점,서울 중랑구 면목로 301,투썸플레이스
천안통정점,충남 천안시 동남구 신방통정로 44,투썸플레이스
시흥대야점,경기 시흥시 비둘기공원7길 54,투썸플레이스
광주용봉점,"광주광역시 북구 설죽로 195 (용봉동) 1,2층",투썸플레이스
원주혁신도시점,강원 원주시 양지로 68,투썸플레이스
구미상모사곡점,경북 구미시 상사서로 164 (사곡동),투썸플레이스
개봉역점,"서울 구로구 남부순환로97길 20-1, 1,2층",투썸플레이스
김제터미널점,전라북도 김제시 동서로 256 (요촌동) 1층 투썸플레이스 김제터미널점,투썸플레이스
부산대연혁신점,부산 남구 수영로325번길 26,투썸플레이스
길병원암센터점,인천 남동구 남동대로 783,투썸플레이스
성신여대점,서울 성북구 동소문로20다길 17(2층),투썸플레이스
광명사거리역점,경기 광명시 광명로 896,투썸플레이스
대전탄방역점,대전 서구 문정로40번길 10,투썸플레이스
포항공대점,경북 포항시 남구 지곡로 64,투썸플레이스
강남대륭타워점,서울 강남구 강남대로 362,투썸플레이스
일산웨스턴돔점,경기도 고양시 일산동구 정발산로 24 1층,투썸플레이스
평촌한림대병원점,"경기 안양시 동안구 관평로 170번길 11, 1층",투썸플레이스
화성동탄점,경기 화성시 동탄지성로 2,투썸플레이스
연신내점,서울 은평구 연서로 223,투썸플레이스
홍성CGV점,충남 홍성읍 홍성읍 조양로 247번길 9,투썸플레이스
베니키아호텔포항점,경북 포항시 남구 중앙로 128,투썸플레이스
대구김광석거리점,대구 중구 동덕로14길 58-6 (대봉동),투썸플레이스
광주전남대점,"광주광역시 북구 호동로 25 (중흥동) 1,2,3층",투썸플레이스
여수해양공원점,전남 여수시 이순신광장로 175(종화동),투썸플레이스
평촌역점,경기 안양시 동안구 시민대로 312,투썸플레이스
신설IBC호텔점,서울 종로구 난계로 241,투썸플레이스
시흥배곧점,"경기도 시흥시 배곧3로 80 (정왕동,센터프라자) 101호,201호,202호",투썸플레이스
부산남산점,부산광역시 금정구 금샘로 399-1 (구서동) ,투썸플레이스
진천터미널점,충북 진천군 진천읍 중앙북1길 3,투썸플레이스
부산문현점,부산광역시 남구 영로69번가길 40-16 전포대로26 (문현동),투썸플레이스
파주봉일천점,경기 파주시 조리읍 통일로 348,투썸플레이스
양산석산점,경남 양산시 금오2길 65-1,투썸플레이스
금강농협죽왕점,강원 고성군 죽왕면 동해대로 5889,투썸플레이스
대전둔산중앙점,대전 서구 대덕대로185번길 37,투썸플레이스
인천구월중앙점,인천 남동구 성말로 10(구월동),투썸플레이스
치동천중리점,경기 화성시 동탄치동천로2길 3-15(영천동),투썸플레이스
범계점,경기 안양시 동안구 평촌대로 221,투썸플레이스
서울대입구역점,서울 관악구 관악로 157,투썸플레이스
문래하이테크시티점,서울 영등포구 경인로 775 에이스하이테크시티 2동 104호,투썸플레이스
대구만촌점,대구 수성구 달구벌대로 2626,투썸플레이스
부산문현금융단지점,부산광역시 부산진구 중앙번영로 29-0  (범천동),투썸플레이스
대구시청점,대구 중구 국채보상로 655,투썸플레이스
서면일번가점,부산 부산진구 중앙대로691번길 32,투썸플레이스
세종조치원점,세종 조치원읍 행복5길 23,투썸플레이스
부산만덕점,부산 북구 덕천로 300,투썸플레이스
계원예술대점,경기 의왕시 계원대학로 47,투썸플레이스
대구노비아갈라점,대구 동구 동촌로 87,투썸플레이스
양재역점,서울 서초구 강남대로 213 엘타워 1층,투썸플레이스
김포양촌점,경기 김포시 양촌읍 양곡2로 5-7,투썸플레이스
수원블라썸파크점,경기 수원시 영통구 광교로42번길 55,투썸플레이스
전주인후점,전북 전주시 덕진구 가재미로 100,투썸플레이스
아리랑힐호텔점,"서울 성북구 아리랑로 8, 1층(동선동4가)",투썸플레이스
테헤란선릉역점,서울 강남구 선릉로 89길 16,투썸플레이스
수원역CGV스윗바점,경기 수원시 팔달구 덕영대로 924 수원역사1층,투썸플레이스
대구동성로광장점,대구 중구 동성로1길 16,투썸플레이스
안양교보생명점,경기 안양시 만안구 안양로 331,투썸플레이스
송파가든파이브점,서울 송파구 충민로 52 가든파이브 WORKS동1층,투썸플레이스
논산시청점,충남 논산시 시민로 210번길 5 (내동),투썸플레이스
경주동국대점,경북 경주시 동대로 32-1,투썸플레이스
구미들성공원점,경북 구미시 고아읍 들성로 179,투썸플레이스
익산부송점,전북 익산시 부송로 103,투썸플레이스
오산갈곶점,경기 오산시 오산로 63,투썸플레이스
현대판교CGV스윗바점,경기 성남시 분당구 판교역로146번길 20(현대백화점 5층),투썸플레이스
해운대부민병원점,부산 해운대구 해운대로 584,투썸플레이스
안산중앙역점,경기 안산시 단원구 고잔1길 54,투썸플레이스
디큐브거제점,경남 거제시 장평로 12 거제디큐브백화점 6층,투썸플레이스
인천구월역점,인천 남동구 구월로 221,투썸플레이스
대구월성점,대구 달서구 상원로 187,투썸플레이스
대구죽곡공원점,대구 달성군 다사읍 대실역남로2길 20-1,투썸플레이스
천호CGV스윗바점,서울 강동구 양재대로1571 홈플러스4층,투썸플레이스
용산아이파크몰점,서울 용산구 한강대로21나길 7 아이파크몰,투썸플레이스
순천조례점,"전라남도 순천시 남신월길 2 (조례동) 1,2층",투썸플레이스
대구팔공산점,대구 동구 팔공산로 185길 72(용수동),투썸플레이스
부평역점,인천 부평구 광장로 16 부평민자역사 2층,투썸플레이스
청주강서점,충청북도 청주시 흥덕구 강서로 118 (강서동),투썸플레이스
판교백현점,경기도 성남시 분당구 동판교로 58-0 투썸플레이스(백현동),투썸플레이스
가천대길병원점,인천 남동구 남동대로774번길 21,투썸플레이스
울산삼산CGV스윗바점,울산 남구 삼산중로 74번길 22 601호,투썸플레이스
중계CGV스윗바점,서울 노원구 동일로 204 가길 12 8층,투썸플레이스
송파CGV스윗바점,"서울 송파구 충민로 66 (문정동, 가든파이브 라이프)",투썸플레이스
강변CGV스윗바점,"서울 광진구 광나루로56길 85 10층CGV내(구의동,테크노마트)",투썸플레이스
인천CGV스윗바점,인천 남동구 예술로 198 4층 CGV내,투썸플레이스
의정부CGV스윗바점,경기 의정부시 평화로 525-0CGV내,투썸플레이스
여의도CGV스윗바점,서울 영등포구 국제금융로 10,투썸플레이스
강남CGV스윗바점,서울 강남구 강남대로 438 스타플렉스 11층,투썸플레이스
청담CGV스윗바점,서울 강남구 도산대로 323,투썸플레이스
천안펜타포트CGV스윗바점,충남 천안시 서북구 공원로 196 펜타포트 주상복합 5층,투썸플레이스
대구한일CGV스윗바점,대구 중구 동성로 39 CGV대구 한일 7층,투썸플레이스
계양CGV스윗바점,인천 계양구 장제로 738 8~11층,투썸플레이스
동수원CGV스윗바점,"경기도 수원시 팔달구 권광로 181,12번지 7~10층",투썸플레이스
야탑CGV스윗바점,경기 성남시 분당구 성남대로 925번길 16 지하 2층,투썸플레이스
명동CGV스윗바점,서울 중구 명동길 14 CGV,투썸플레이스
하계CGV스윗바점,서울 노원구 섬발로 258 건영백화점,투썸플레이스
청주지웰시티CGV스윗바점,충북 청주시 홍덕구 대농로 17-0,투썸플레이스
대학로CGV스윗바점,서울 종로구 대명길 28 5층,투썸플레이스
홍대CGV스윗바점,서울 마포구 양화로 153-0,투썸플레이스
명동역씨네라이브러리CGV스윗바점,서울 중구 퇴계로 123 하이헤리엇 10층,투썸플레이스
일산CGV스윗바점,경기 고양시 정발산로 24,투썸플레이스
전주효자CGV스윗바점,전북 전주시 완산구 용머리로 34-0,투썸플레이스
포항보경사점,경북 포항시 북구 보경로 456,투썸플레이스
용인서천점,"경기 용인시 기흥구 서천로 172번길 42,101호(농서동,써밋테라스)",투썸플레이스
동해어달해변점,강원 동해시 일출로 297,투썸플레이스
제주곽지과물해변점,제주도 제주시 애월읍 곽지3길 26,투썸플레이스
고양원흥점,경기 고양시 덕양구 도래울로 103,투썸플레이스
대구동촌유원지점,대구 동구 효동로6길 46,투썸플레이스
일산대화역점,"경기도 고양시 일산서구 중앙로1567,대화프라자1,2층(대화동)",투썸플레이스
서울시청점,서울 중구 무교로 6,투썸플레이스
구리수택점,경기 구리시 검배로 29,투썸플레이스
경북안동점,경북 안동시 문화광장길 38,투썸플레이스
대구영남대병원점,대구 남구 현충로 170 영남대병원 1층,투썸플레이스
대구신암점,"대구 동구 아양로 39, 우진빌딩 1층",투썸플레이스
일산화정점,"경기도 고양시 덕양구 화중로72,1,2층(화정동)",투썸플레이스
포항오천점,경북 포항시 남구 원동로 34,투썸플레이스
개화산역점,"서울 강서구 양천로 28(방화동동, 벽산에어트리움)",투썸플레이스
까치산역점,서울 강서구 강서로 43 도양라비앙타워,투썸플레이스
대구삼덕점,대구 중구 달구벌대로 443길 50,투썸플레이스
신림역점,"서울 관악구 신림로 350, 1층",투썸플레이스
역삼역점,서울 강남구 테헤란로27길 16,투썸플레이스
부산범일점,부산 동구 범일로 102,투썸플레이스
경남사천점,경남 사천시 사천읍 진삼로 1492,투썸플레이스
선릉ING점,서울 강남구 테헤란로 318 ING 오렌지타워 1층,투썸플레이스
마포구청점,서울특별시 마포구 월드컵로36길 14-0,투썸플레이스
동탄한림대병원점,경기 화성시 삼성1로 144-9,투썸플레이스
[휴점]대구한의대점,"경북 경산시 한의대로 1 , 한의학관 1층",투썸플레이스
부산정관점,부산 기장군 정관면 정관8로 14,투썸플레이스
안양1번가점,경기 안양시 만안구 만안로 207,투썸플레이스
구리역점,경기 구리시 건원대로 34번길 15,투썸플레이스
잠실3단지점,서울 송파구 석촌호수로 100,투썸플레이스
강동성심병원점,서울 강동구 성안로 150,투썸플레이스
안양만안구청점,경기 안양시 만안구 문예로 53-0 (안양동),투썸플레이스
익산영등제일점,전북 익산시 무왕로7길 1,투썸플레이스
포스코사거리점,서울 강남구 테헤란로 508 해성2빌딩 1층,투썸플레이스
전북고창점,"전라북도 고창군 고창읍 천변북로 113 (교촌리,투썸플레이스고창점) 1,2층",투썸플레이스
대구범어점,대구 수성구 명덕로 476 (범어동),투썸플레이스
대전선샤인호텔점,대전광역시 동구 동서대로 1700-0 투썸플레이스 (가양동),투썸플레이스
대구화원점,대구 달성군 화원읍 비슬로 2529,투썸플레이스
노원공릉점,서울 노원구 동일로192길 52-0,투썸플레이스
강릉입암점,강원 강릉시 월대산로 81,투썸플레이스
동서울터미널점,서울 광진구 강변역로 50,투썸플레이스
건대입구점,"서울 광진구 능동로13길 5 (화양동, 1,2층)",투썸플레이스
경북상주점,경북 상주시 삼백로 88-0,투썸플레이스
부산크라운하버호텔점,부산 중구 중앙대로 114-0,투썸플레이스
의정부민락점,경기 의정부시 용현로 163,투썸플레이스
경남거창점,경남 거창군 거열로4길 35-0,투썸플레이스
청주산업단지점,충북 청주시 흥덕구 대신로 132,투썸플레이스
제주오라점,제주 제주시 연삼로 259-0,투썸플레이스
대구혁신도시점,대구 동구 첨단로8길 1,투썸플레이스
김포전원마을점,경기 김포시 김포한강11로 139-35,투썸플레이스
분당미금점,경기 성남시 분당구 돌마로 46,투썸플레이스
신탄진IC점,대전 대덕구 덕암로 178,투썸플레이스
홍대입구역점,서울특별시 마포구 월드컵북로2길 57-0  (동교동),투썸플레이스
수원역로데오점,경기 수원시 팔달구 매산로 37,투썸플레이스
춘천구봉산점,강원도 춘천시 동면 순환대로 1154-105,투썸플레이스
청주봉명점,충북 청주시 흥덕구 덕암로114번길 69,투썸플레이스
대구경북대점,대구광역시 북구 대학로 65-0  (산격동),투썸플레이스
부산덕천점,부산광역시 북구 금곡대로 15-0  (덕천동),투썸플레이스
광주조선대점,광주광역시 동구 필문대로273번길 1-0  (동명동),투썸플레이스
삼척해수욕장점,강원도 삼척시 테마타운길 33-0  (갈천동),투썸플레이스
광주상무번영로점,광주 서구 상무번영로 57 (치평동),투썸플레이스
대구태전점,대구광역시 북구 칠곡중앙대로 393-0  (태전동),투썸플레이스
강남자곡점,"서울특별시 강남구 자곡로 201-0  (자곡동, 강남더샵라르고)",투썸플레이스
행담도휴게소(하)점,충남 당진시 신평면 서해안고속도로 275,투썸플레이스
춘천명동점,강원도 춘천시 금강로 58-0  (조양동),투썸플레이스
별내신도시점,경기 남양주시 별내5로 54  (별내동),투썸플레이스
속초교동점,강원도 속초시 청대로 343-0  (교동),투썸플레이스
부천송내역북부점,경기 부천시 원미구 부일로 202  2층 (상동),투썸플레이스
하남신장점,경기 하남시 신장로 136,투썸플레이스
가재울뉴타운점,서울특별시 서대문구 수색로 100  (북가좌동),투썸플레이스
춘천동면점,강원 춘천시 동면 춘천순환로 734,투썸플레이스
인천옥련점,인천 연수구 독배로40번길 5,투썸플레이스
송도해수욕장점,부산광역시 서구 송도해변로 117-1  (암남동),투썸플레이스
전남도청점,"전라남도 무안군 삼향읍 남악3로 71 (남악리,더트리폴리앙아파트) 1층",투썸플레이스
길음역점,서울특별시 성북구 길음로 6-0 1층 (길음동),투썸플레이스
장유율하점,경상남도 김해시 율하2로11번길 4-3  (관동동),투썸플레이스
오산시청점,경기 오산시 성호대로 122-0  (원동),투썸플레이스
군산은파점,전라북도 군산시 공단대로 461-0  (나운동),투썸플레이스
광주빛고을여성병원점,"광주광역시 북구 하서로 395 (양산동,빛고을 여성병원) 1층 투썸플레이스 빛고을여성병",투썸플레이스
현대지식산업센터점,서울 금천구 두산로 70  (독산동),투썸플레이스
울산시청점,울산광역시 남구 중앙로 163-0  (신정동),투썸플레이스
시흥거모점,"경기도 시흥시 군자로 520-0  (거모동, 동운디오빌아파트)",투썸플레이스
거제수월점,경상남도 거제시 수양로 486-0  (양정동),투썸플레이스
대구스타디움몰점,"대구광역시 수성구 유니버시아드로 180-0 대구종합경기장, 투썸플레이스 (대흥동)",투썸플레이스
대전산성점,대전광역시 중구 대둔산로 409-0  (산성동),투썸플레이스
부산대저점,부산광역시 강서구 공항로811번가길 27-1 투썸플레이스 (대저2동),투썸플레이스
여수웅천점,"전라남도 여수시 예울마루로 35-14 (웅천동) 1,2층",투썸플레이스
김포사우점,경기도 김포시 돌문로 50-12 투썸플레이스 (사우동),투썸플레이스
인천신현점,인천광역시 서구 가정로 370-0 투썸플레이스 (가정동),투썸플레이스
거제대명점,경상남도 거제시 일운면 소동6길 15,투썸플레이스
아주대점,경기도 수원시 영통구 월드컵로 199-0 투썸플레이스 (원천동),투썸플레이스
김포고촌점,경기도 김포시 장차로 1-0 3 투썸플레이스,투썸플레이스
경북영주점,경상북도 영주시 대학로 8-0 투썸플레이스 (휴천동),투썸플레이스
인천인하대후문점,인천 미추홀구 인하로 75-0 2층 3층 (용현동),투썸플레이스
창동이마트점,서울특별시 도봉구 노해로65길 14-3  (창동),투썸플레이스
인천시청점,인천광역시 남동구 미래로 14-0 일류빌딩 101호 (구월동),투썸플레이스
부천중동현대점,경기도 부천시 원미구 석천로177번길 31-0  (중동),투썸플레이스
대구반야월역점,대구광역시 동구 안심로 267-0  (동호동),투썸플레이스
인천주안점,인천 미추홀구 미추홀대로 734번길 24-0  (주안동),투썸플레이스
양평터미널점,경기도 양평군 시민로 82-0,투썸플레이스
광주월곡점,광주광역시 광산구 사암로 331 (월곡동) 1층 투썸플레이스 광주월곡점,투썸플레이스
부산프리미엄아울렛점,부산광역시 기장군 정관로 1133-0 신세계사이먼프리미엄아울렛 부산점,투썸플레이스
영등포구청역점,서울특별시 영등포구 당산로 118 (당산동3가),투썸플레이스
부산개금점,부산광역시 부산진구 가야대로 489 (개금동),투썸플레이스
울산구영점,울산광역시 울주군 범서읍 점촌1길 18-13,투썸플레이스
송도국제도시점,인천광역시 연수구 컨벤시아대로 69 밀레니엄 1층 (송도동),투썸플레이스
롯데월드점,서울특별시 송파구 올림픽로 240 롯데월드어드벤처동 AD2호 (잠실동),투썸플레이스
대전우송대점,"대전광역시 동구 동대전로154번길 54 서캠퍼스 (자양동, 우송대학교)",투썸플레이스
일산탄현점,"경기도 고양시 일산서구 일현로 97-11 B135호 (탄현동, 일산 위브더제니스)",투썸플레이스
부평CGV점,인천 부평구 마장로 489,투썸플레이스
창동역점,서울특별시 도봉구 노해로 381 1층 (창동),투썸플레이스
대전한밭대점,대전광역시 유성구 학하서로121번길 81 (덕명동),투썸플레이스
전주전북대점,"전라북도 전주시 덕진구 권삼득로 307 (금암동) 1,2층 투썸플레이스 전주전북대점",투썸플레이스
수원망포역점,경기도 수원시 영통구 덕영대로 1545 1층 (영통동),투썸플레이스
선유도역점,서울특별시 영등포구 양평로22길 10 1층 (양평동4가),투썸플레이스
의정부회룡역점,경기도 의정부시 외미로 100 (호원동),투썸플레이스
용산청파삼거리점,서울특별시 용산구 청파로 312 (청파동1가),투썸플레이스
김해삼계점,경상남도 김해시 삼계중앙로 45 (삼계동),투썸플레이스
충북대중문점,충청북도 청주시 흥덕구 내수동로 112 1-4층 (사창동),투썸플레이스
광화문점,서울특별시 종로구 새문안로 85 (신문로1가),투썸플레이스
신도림디큐브시티점,"서울특별시 구로구 경인로 662 (신도림동,디큐브시티) 2층",투썸플레이스
대전만년점,대전광역시 서구 만년로 70 1층 (만년동),투썸플레이스
대구앞산점,"대구광역시 남구 현충로 24,1,2층(대명동)",투썸플레이스
고려대법학관점,"서울 성북구 안암로 145 법학관 (안암동5가, 고려대학교)",투썸플레이스
여수이마트점,"전라남도 여수시 좌수영로 277 (오림동,이마트) 1층",투썸플레이스
포항양덕점,경상북도 포항시 북구 장량로 155 (양덕동),투썸플레이스
해운대달맞이2호점,부산광역시 해운대구 달맞이길117번가길 174-0  (중동),투썸플레이스
광주메가박스첨단점,"광주광역시 광산구 앰코로 35 (쌍암동,폭스존) 4층 메가박스",투썸플레이스
강릉중앙점,강원도 강릉시 금성로56번길 13 (금학동),투썸플레이스
명동역점,서울 중구 퇴계로18길 13 (남산동2가),투썸플레이스
인덕원역점,"경기도 안양시 동안구 관악대로472,1층2층(관양동)",투썸플레이스
제주연동점,제주특별자치도 제주시 신광로 79 (연동),투썸플레이스
동인천역점,인천 중구 우현로87번길 2 2층 (인현동),투썸플레이스
천안신방점,충청남도 천안시 동남구 수곡2길 15 (신방동),투썸플레이스
청주성안점,충청북도 청주시 상당구 성안로 8 (북문로1가),투썸플레이스
이수역점,서울특별시 동작구 동작대로27길 28 (사당동) 2층~3층,투썸플레이스
방배역점,서울특별시 서초구 방배로 97 (방배동),투썸플레이스
종로구청점,"서울특별시 종로구 종로5길 58 광해관리공단 (수송동, 석탄회관빌딩)",투썸플레이스
노원문화의거리점,서울특별시 노원구 상계로 69 (상계동),투썸플레이스
인천소래포구역점,"인천광역시 남동구 소래역로 46 1층 101호 (논현동, 청호프라자)",투썸플레이스
통영무전점,"경상남도 통영시 중앙로 317 (무전동,신명빌딩) 2층 투썸플레이스",투썸플레이스
울산대공원점,울산광역시 남구 대공원입구로 1 (옥동),투썸플레이스
부산벡스코점,부산광역시 해운대구 센텀3로 32-0 S동101호 (우동),투썸플레이스
광장힐스테이트점,"서울특별시 광진구 아차산로 537-17 상가S동1층13호 (광장동, 광장힐스테이트",투썸플레이스
대구성당점,대구광역시 달서구 구마로 225 (성당동),투썸플레이스
인천연수역점,인천광역시 연수구 벚꽃로 114 1층 (연수동),투썸플레이스
대구성서점,대구광역시 달서구 이곡동로 7 1층 (이곡동),투썸플레이스
성남모란역점,경기도 성남시 중원구 성남대로1148번길3,투썸플레이스
충주점,"충청북도 충주시 국원대로 179 1층 (금릉동, 백상빌딩)",투썸플레이스
부산괴정점,부산광역시 사하구 낙동대로 219 (괴정동),투썸플레이스
잠실신천점,"서울특별시 송파구 백제고분로7길 9 1,3층 (잠실동)",투썸플레이스
부평점,인천광역시 부평구 시장로30번길 3 (부평동),투썸플레이스
우장산역점,서울특별시 강서구 강서로 259 (내발산동),투썸플레이스
전주LH점,전라북도 전주시 완산구 홍산로 160-3 (효자동2가) 1층 투썸플레이스 전주LH점,투썸플레이스
전주신시가지점,전라북도 전주시 완산구 홍산중앙로 13 (효자동2가) 1층 투썸플레이스 전주신시가지점,투썸플레이스
강릉포남점,"강원 강릉시 하평1길 14 1층 (포남동, 파인프라자)",투썸플레이스
여수학동점,"전라남도 여수시 선소로 19 (학동) 1,2층",투썸플레이스
중계은행사거리점,서울특별시 노원구 한글비석로 242 (중계동),투썸플레이스
사당역남현점,서울특별시 관악구 남부순환로 2082-33 (남현동),투썸플레이스
울산일산점,울산광역시 동구 해수욕장10길 8 (일산동),투썸플레이스
부산대연점,"부산광역시 남구 수영로 286 (대연동, 유일프라자)",투썸플레이스
수원드라마센터점,경기도 수원시 팔달구 권광로255번길 8 (인계동) ,투썸플레이스
판교테크노밸리점,"경기도 성남시 분당구 판교역로 235 N-111호 (삼평동, 에이치스퀘어)",투썸플레이스
하남아이테코점,"경기도 하남시 조정대로 150 블루존 104호 (덕풍동, 아이테코)",투썸플레이스
송도포스코E&C타워점,"인천광역시 연수구 인천타워대로 241 지하1층 (송도동, 포스코이엔씨타워)",투썸플레이스
대구동성로점,"대구 중구 동성로5길 44,2층,3층(삼덕동1가)",투썸플레이스
가천대점,"경기도 성남시 수정구 성남대로 1342 (복정동, 가천대학교) MEP동지하3층",투썸플레이스
수원역점,경기도 수원시 팔달구 향교로 1 (매산로1가),투썸플레이스
천안두정점,충청남도 천안시 서북구 부성1길 3 (두정동),투썸플레이스
의정부시청점,"경기도 의정부시 시민로 24 1층 (의정부동, 신도아크라티움)",투썸플레이스
김해인제대점,경상남도 김해시 인제로 192 1층 (어방동),투썸플레이스
서울대역중앙점,서울특별시 관악구 봉천로 472 103호 (봉천동),투썸플레이스
상암우리센터점,서울 마포구 월드컵북로60길 17 상암우리금융센터 1층 (상암동),투썸플레이스
안산꿈의교회점,경기도 안산시 상록구 용신로 128 (사동),투썸플레이스
부천상동점,"경기도 부천시 길주로 105 (상동,세이브존백화점) 1층 103호",투썸플레이스
신촌기차역점,서울특별시 서대문구 신촌역로 31 지상 1층 (대현동),투썸플레이스
예금보험공사점,서울특별시 중구 청계천로 30 예금보험공사 1층 (다동),투썸플레이스
안산상록수점,경기도 안산시 상록구 상록수로 48 (본오동),투썸플레이스
수원인계점,"경기도 수원시 팔달구 권광로 138-0  (인계동, 선경리빙프라자)",투썸플레이스
서강대점,"서울 마포구 백범로 35 경영교육원 바오로경영관 (신수동, 서강대학교)",투썸플레이스
분당야탑점,"경기도 성남시 분당구 성남대로926번길 10 1층 전체 (야탑동, 탑빌딩)",투썸플레이스
상암E&M점,서울특별시 마포구 상암산로 66 상암DMC CJ E&M센터 1층 (상암동),투썸플레이스
학동역점,"서울특별시 강남구 논현로 662 1층 (논현동, 헤리츠타워)",투썸플레이스
광주CGV점,"광주광역시 서구 무진대로 904 2층 (광천동, 유스퀘어광천터미널)",투썸플레이스
CJENM커머스부문점,서울특별시 서초구 과천대로 870-13 CJENM커머스부문점),투썸플레이스
서울대점,"서울특별시 관악구 관악로 1 교수연구동 501동 (신림동, 서울대학교)",투썸플레이스
여의도점,"서울특별시 영등포구 의사당대로 108 1층 2층 (여의도동, 아일렉스상가)",투썸플레이스
신촌점,서울특별시 서대문구 연세로 1 1층 (창천동),투썸플레이스
