지역,매장명,브랜드명
충청남도 태안군 태안읍 동문2길 25 ,태안점,메가커피
충청남도 서산시 성연면 성연3로 45 테크노프라자101호 ,서산테크노밸리점,메가커피
충청남도 서산시 호수공원3로 56 (예천동) ,서산호수공원점,메가커피
충청남도 서산시 예천1로 24,서산예천점,메가커피
충청남도 서산시 고운로 275-5,서산동문점,메가커피
충청남도 서산시 율지18로 33,서산먹골점,메가커피
충청남도 당진시 북문로 6 메가커피(당진푸르지오점) ,당진푸르지오점,메가커피
충청남도 당진시 당진중앙2로 91 1층(읍내동) ,당진읍내점,메가커피
충청남도 당진시 밤절로 146 104호(수청동) ,당진터미널점,메가커피
경기도 안산시 단원구 대부황금로 1466 ,대부도점,메가커피
경기도 안산시 단원구 대부황금로 90 . ,대부도DI점,메가커피
충청남도 태안군 안면읍 응지마을길 34 ,안면도점,메가커피
충청남도 당진시 송산면 가곡로 156 ,당진현대제철점,메가커피
충청남도 당진시 송악읍 반촌로 70-16 . ,당진기지시점,메가커피
인천광역시 중구 공항로424번길 60 . ,영종합동청사점,메가커피
충청남도 당진시 신평면 거산3거리길 14 ,당진신평점,메가커피
경기도 화성시 송산면 사강로 193 메가커피(화성사강점) ,화성사강점,메가커피
인천광역시 중구 흰바위로 258 110호 ,영종운서중앙점,메가커피
경기도 시흥시 거북섬4길 14 109호 웨이브프라자(정왕동) ,시흥웨이브파크점,메가커피
인천광역시 중구 신도시남로142번길6 메가스타영종129호,영종운서역점,메가커피
인천광역시 중구 운서2로68번길 33 (운서동) 메가커피 ,영종넙디점,메가커피
인천광역시 중구 영종대로162번길 26 (운서동) 메가커피 ,영종삼성홈큐브점,메가커피
인천광역시 연수구  송도미래로 30 . ,송도스마트밸리점,메가커피
인천광역시 연수구 인천타워대로54번길 9 (송도동) 메가커피 ,지식정보단지역점,메가커피
"인천광역시 연수구 하모니로138번길 11 101동 119호(송도동, 송도캐슬센트럴파크) ",송도캐슬파크점,메가커피
충청남도 홍성군 홍북읍 청사로174번길 12 메가커피 ,내포중앙점,메가커피
"인천광역시 연수구 랜드마크로 113 (송도동, e편한세상 송도) 메가커피 ",송도e편한세상점,메가커피
인천광역시 연수구 송도문화로28번길 28 203동135호(송도동) ,송도글로벌캠퍼스점,메가커피
충청남도 홍성군 홍북읍 청사로 36 ,내포신도시점,메가커피
인천광역시 연수구 센트럴로 313 (송도동) ,송도씨워크점,메가커피
인천광역시 연수구 아트센터대로 131 . ,송도NC큐브점,메가커피
인천광역시 연수구 랜드마크로 19 210(상가-1)동110호(송도동송도SKVIEW) ,송도SK뷰점,메가커피
인천광역시 연수구 컨벤시아대로230번길 42 (송도동) 메가커피 ,송도퍼스트파크점,메가커피
인천광역시 연수구 해돋이로 168-5 (송도동) 메가커피 ,송도하버뷰점,메가커피
인천광역시 연수구 송도과학로16번길 33-1 (송도동) 메가커피 ,송도트리플스트리트점,메가커피
인천광역시 연수구 신송로 125번길 13 1층104호 ,인천송도점,메가커피
인천광역시 연수구 신송로 160 (송도동) 메가커피 ,송도학원가점,메가커피
경기도 평택시 함박산8길 11 . ,평택고덕국제신도시점,메가커피
경기도 화성시 동탄첨단산업1로 ,동탄K밸리점,메가커피
경기도 화성시 동탄첨단산업1로 58 1층(영천동퍼스트코리아) ,동탄퍼스트코리아점,메가커피
인천광역시 중구 하늘달빛로 88 106호(중산동채운에비뉴) ,영종하늘달빛점,메가커피
인천광역시 중구 하늘중앙로195번길 14 134호(중산동이은스퀘어) ,영종하늘도시점,메가커피
인천광역시 중구 연안부두로33번길 37 (항동7가) 메가커피 ,인천연안부두점,메가커피
충청남도 홍성군 홍성읍 아문길29번길 52 . ,충남홍성점,메가커피
인천광역시 연수구 독배로 49 101~102호(옥련동럭키빌딩) ,인천옥련점,메가커피
인천광역시 연수구 앵고개로104번길 4 105호(동춘동) ,송도파크자이점,메가커피
인천광역시 연수구 앵고개로264번길 41 109호(동춘동한양2차아파트상가) ,인천동춘점,메가커피
경기도 화성시 남양읍 남양로 829 1층 123호 ,화성남양중앙점,메가커피
인천광역시 중구 월미로234번길 12 1층102~103호(북성동1가) ,월미도점,메가커피
경기도 평택시 포승읍 여술로 22 메가커피 ,평택포승점,메가커피
인천광역시 중구 은하수로 10 (중산동) 메가커피 ,영종구읍뱃터점,메가커피
경기도 시흥시 배곧1로 27-16 상가3동103호(정왕동한라비발디캠퍼스2차) ,배곧한라비발디점,메가커피
인천광역시 미추홀구 낙섬서로 4 1층(용현동) ,인천용현금호점,메가커피
경기도 시흥시 정왕대로 64 (정왕동) 메가커피 ,시흥정왕점,메가커피
"인천광역시 연수구 랜드마크로 68 (송도동, 랜드마크시티센트럴더샵) 메가커피 ",송도랜드마크시티점,메가커피
인천광역시 연수구 원인재로 124,연수구청점,메가커피
인천광역시 연수구 먼우금로 190 115호(연수프라자) ,인천연수점,메가커피
인천광역시 미추홀구 낙섬중로 43 (용현동) ,인천용현점,메가커피
인천광역시 연수구 청학로 10,인천청학점,메가커피
경기도 화성시 남양읍 화성시청역로 14 . ,화성시청역센트럴파크점,메가커피
경기도 시흥시 중심상가2길 22 (정왕동) 메가커피 ,시화로데오점,메가커피
인천광역시 미추홀구 독배로317번길 231 . ,인천용현SK점,메가커피
"인천광역시 연수구 벚꽃로 114 101호(연수동,브랫슬) ",연수역점,메가커피
인천광역시 미추홀구 낙섬중로91번길 4-23,인천용현유원점,메가커피
"인천광역시 연수구 송도과학로27번길 55, A동 117,118호(송도동, 롯데캐슬 캠퍼스타운) ",송도캠퍼스타운역점,메가커피
경기도 화성시 남양읍 남양성지로 139-6 메가커피 ,화성남양점,메가커피
경기도 안산시 단원구 만해로 205 . ,안산타원타크라점,메가커피
경기도 시흥시 서울대학로264번길 26-11 106호 ,배곧로얄팰리스점,메가커피
인천광역시 중구 차이나타운로 25 (북성동3가) ,인천차이나타운점,메가커피
인천광역시 남동구 은청로 4-7 A동147호 ,남동인더스파크역점,메가커피
인천광역시 중구 개항로 29-2 1층메가커피 ,신포점,메가커피
경기도 시흥시 함송로 21 (정왕동) 메가커피 ,시흥함송점,메가커피
인천광역시 미추홀구 한나루로 364 (학익동) 메가커피 ,학산사거리점,메가커피
경기도 시흥시 마유로418번길 10,정왕역점,메가커피
경기도 시흥시 정왕천로411번길 25 (정왕동) 메가커피 ,시흥정왕시장점,메가커피
인천광역시 연수구 비류대로 208 (옥련동) 메가커피 ,송도역점,메가커피
인천광역시 연수구 비류대로433번길 10 101호(연수동) ,인천함박마을점,메가커피
경기도 시흥시 배곧4로 32-28,시흥배곧타운점,메가커피
인천광역시 미추홀구 독배로432번길 4 (용현동) 메가커피 ,인천용현시장점,메가커피
인천광역시 서구 봉화로 49,인천오류왕길점,메가커피
인천광역시 미추홀구 경인남길30번길 50 1층(용현동) ,인하대점,메가커피
인천광역시 연수구 함박뫼로 250,신연수역점,메가커피
경기도 시흥시 배곧4로 87 (정왕동) 메가커피 ,배곧고점,메가커피
경기도 화성시 남양읍 시청로 119 ,화성시청점,메가커피
인천광역시 동구 운교로 6 . ,인천화평점,메가커피
인천광역시 남동구 논현로26번길 15 102호(논현동위스코프라자) ,호구포역점,메가커피
인천광역시 미추홀구 재넘이길 6 . ,인천학익중앙점,메가커피
"인천광역시 미추홀구 매소홀로 476 101, 102호 (학익동) ",인천학익신동아점,메가커피
인천광역시 미추홀구 경인로 63,인천숭의점,메가커피
경기도 안산시 단원구 별망로 555 ,원시역점,메가커피
경기도 시흥시 해송십리로 472-12 (정왕동시흥배곧신도시이지더원1차더퍼스트)상가 ,배곧이지더원점,메가커피
인천광역시 미추홀구 인주대로 264,용남시장점,메가커피
인천광역시 동구 수문통로 54-1 1층(송현동튼튼정형외과의원) ,인천송현점,메가커피
인천광역시 미추홀구 소성로 334(문학동) 메가커피 ,인천문학점,메가커피
인천광역시 미추홀구 인하로221번길 6 (주안동) ,주안파크자이점,메가커피
인천광역시 남동구 에코중앙로156번길 5-27 1층(논현동) ,인천한화에코점,메가커피
인천광역시 연수구 학나래로46번길 22 (선학동) 메가커피 ,선학역점,메가커피
인천광역시 미추홀구 수봉로 7,제물포남부역점,메가커피
인천광역시 동구 샛골로210번길 ,인천백병원점,메가커피
인천광역시 미추홀구 석정로92번길 175 . ,제물포북부역점,메가커피
인천광역시 미추홀구 인하로 271 메가커피(신기시장점) ,신기시장점,메가커피
인천광역시 남동구 논고개로123번길 17 ,인천논현역점,메가커피
인천광역시 남동구 논고개로 77,인천논현에코점,메가커피
경기도 시흥시 서울대학로278번길 43-7 (정왕동) 메가커피 ,배곧유호엔시티점,메가커피
"경기도 안산시 단원구 산단로 325, CA동 1층 128호(신길동, 리드 스마트스퀘어 지식산업센터) ",안산스마트스퀘어점,메가커피
인천광역시 남동구 논고개로 166 . ,논현은봉초점,메가커피
경기도 시흥시 월곶중앙로 64 1층111호(월곶동풍산프라자) ,시흥월곶점,메가커피
인천광역시 미추홀구 제일로 36,인천주안제일점,메가커피
인천광역시 미추홀구 인하로 348 (주안동) 메가커피 ,인천관교한신점,메가커피
인천광역시 미추홀구 숙골로 90,도화점,메가커피
인천광역시 미추홀구 주승로 246,인천승학초점,메가커피
"인천광역시 미추홀구 석정로 306, 108호(도화동, 삼원상가) ",인천대화초점,메가커피
경기도 안산시 단원구 신길로 10-1 ,안산신길점,메가커피
인천광역시 남동구 소래역로 36 108호(논현동) ,소래포구역점,메가커피
인천광역시 미추홀구 주안서로 18 . ,주안힐탑플러스점,메가커피
인천광역시 미추홀구 경인로 363-1 1층 ,인천시민공원역점,메가커피
경기도 화성시 꽃내음1길 25 (새솔동) 메가커피 ,송산그린시티점,메가커피
경기도 시흥시 도일로124번길 3 메가커피(시흥거모점) ,시흥거모점,메가커피
인천광역시 남동구 포구로 63,인천논현소래점,메가커피
인천광역시 미추홀구 주안로 92 (주안동) 메가커피 ,주안점,메가커피
경기도 안산시 단원구 원곡로 49 (원곡동) 메가커피 ,안산다문화점,메가커피
"인천광역시 남동구 예술로 126 1층 105호(구월동, 링크126) ",구월로데오점,메가커피
"인천광역시 미추홀구 경원대로 774, 1층 105호(주안동) ",주안승기사거리점,메가커피
인천광역시 미추홀구 길파로 15 1층(주안동) ,주안북부역점,메가커피
인천광역시 남동구 인주대로 539,인천구월점,메가커피
경기도 안산시 단원구 원포공원1로 30 ,안산초지중앙점,메가커피
인천광역시 남동구 남촌동로 26 (남촌동) 메가커피 ,인천남촌점,메가커피
인천광역시 미추홀구 경원대로 855 메가커피(석바위시장점) ,석바위시장점,메가커피
"인천광역시 남동구 논고개로 331 1층 일부호 (도림동, 도림상가) ",인천도림점,메가커피
인천광역시 미추홀구 석정로 438,주안센트레빌점,메가커피
인천광역시 남동구 선수촌공원로 25 1층102호(구우러동구월신세계프라자) ,구월아시아드점,메가커피
경기도 안산시 상록구 해양1로 199 (사동) 메가커피 ,안산그랑시티자이점,메가커피
인천광역시 남동구 예술로192번길 31 101호(구월동대건빌딩) ,인천예술회관역점,메가커피
인천광역시 남동구 남동대로 728,인천구월중앙점,메가커피
인천광역시 남동구 구월로 80 (간석동) 메가커피 ,인천시청역점,메가커피
경기도 안산시 단원구 원초로 33 (원곡동) 메가커피 ,안산원곡점,메가커피
경기도 안산시 단원구 초지동 729-1 메가커피 ,안산초지점,메가커피
경기도 시흥시 황고개로 526,시흥장현점,메가커피
인천광역시 남동구 남동대로765번길 25 . ,인천국세청점,메가커피
인천광역시 남동구 인하로 616 107호(구월동커뮤니티프라자) ,인천만월초점,메가커피
인천광역시 남동구 경인로 520,인천경원초점,메가커피
인천광역시 남동구 석산로 15 1층 일부 (간석동) ,간석역점,메가커피
"인천광역시 남동구 인주대로 664 (구월동, 메인프라자 2차) . ",구월팬더점,메가커피
경기도 안산시 단원구 화랑로 160 (초지동) 메가커피 ,안산초지푸르지오점,메가커피
인천광역시 남동구 정각로 34 . ,인천시청점,메가커피
인천광역시 남동구 방축로 503 (간석동) 메가커피 ,간석북부역점,메가커피
인천광역시 남동구 구월남로 198,인천길병원점,메가커피
인천광역시 서구 건지로 264,석남사거리점,메가커피
경기도 안산시 단원구 다리간로 20 ,안산고잔역점,메가커피
인천광역시 남동구 석산로 156,인천간석올리브점,메가커피
경기도 안산시 단원구 선부광장1로 173 (선부동) 메가커피 ,안산라프리모점,메가커피
인천광역시 서구 가정로 127 (가좌동) 메가커피 ,좌봉화초점,메가커피
"경기도 안산시 단원구 선부광장북로 36 (선부동, 벽산블루밍아파트) 메가커피 ",안산선부점,메가커피
경기도 안산시 단원구 광덕서로 86 ,안산법원점,메가커피
인천광역시 남동구 용천로 82 106동(구월동다옴프라자) ,구월정각초점,메가커피
인천광역시 서구 가좌동 261-19 1층 ,인천나은병원점,메가커피
경기도 시흥시 진말로9번길 12,시흥장곡점,메가커피
"경기도 안산지 단원구 광덕대로 154 1층, 142호 (고잔동, 로데오타운) ",안산문화광장점,메가커피
인천광역시 부평구 동암광장로 18 (십정동) 메가커피 ,동암북부역점,메가커피
인천광역시 서구 청라한내로72번길 23,청라시티타워점,메가커피
인천광역시 남동구 백범로 404 (간석동) 메가커피 ,간석오거리역점,메가커피
인천광역시 서구 청라동 83-1 대광단지내상가113호 ,청라센텀로제비앙점,메가커피
인천광역시 부평구 동암남로 4 103호(십정동리치프라자) ,동암남부역점,메가커피
경기도 평택시 청북읍 안청로2길 33-2 107호 ,평택청북점,메가커피
충청남도 예산군 예산읍 역전로 135 1층 ,예산산성점,메가커피
인천광역시 남동구 구월로 276번길 20 메가커피 ,인천모래내시장점,메가커피
인천광역시 서구 청라한내로100번길 24 . ,청라호수공원점,메가커피
경기도 안산시 단원구 원고잔로 17 ,안산고대병원점,메가커피
경기도 안산시 상록구 항가울로 20 ,안산사동중앙점,메가커피
경기도 안산시 단원구 달미로 64 ,안산선부중앙점,메가커피
인천광역시 서구 여우재로 130,제물포중점,메가커피
"인천광역시 남동구 백범로 312-60 1,2층 외 1필지(간석동) ",간석시장점,메가커피
인천광역시 남동구 서창남로 ,인천도림고점,메가커피
인천광역시 서구 원적로 91 108호(가좌동현대아파트) ,인천가좌점,메가커피
인천광역시 부평구 열우물로 90,인천부평더샵점,메가커피
인천광역시 남동구 구월로 314 . ,인천만수5동점,메가커피
경기도 안산시 단원구 달미로 106 ,선부중점,메가커피
경기도 안산시 단원구 고잔로 51 (고잔동) 메가커피 ,안산시청점,메가커피
"경기도 시흥시 장현서3길 10, 1층 일부호 ",시흥장현지구점,메가커피
인천광역시 서구 보석로11번안길 11,청라심곡천점,메가커피
인천광역시 남동구 담방로 36 1층101호 ,인천만수점,메가커피
인천광역시 서구 길주로 91 1층(석남동) ,석남점,메가커피
인천광역시 남동구 호구포로 899,간석벽산점,메가커피
"경기도 안산시 단원구 와동로 3 상가동 103, 104호 ",안산와동빌라삼거리점,메가커피
인천광역시 서구 청라루비로 76 b167호 ,청라스퀘어7점,메가커피
"인천광역시 서구 청라커낼로 264 1층 104호 (청라동, 청라두손중앙프라자) ",청라경서점,메가커피
경기도 화성시 향남읍 삼천병마로 201 103호 ,화성발안점,메가커피
인천광역시 남동구 구월로372번길 93,인천문일여고점,메가커피
경기도 평택시 안중읍 안현로서6길 48 메가커피 ,평택안중점,메가커피
인천광역시 남동구 구월로 358 (만수동) 메가커피 ,만수역점,메가커피
인천광역시 서구 신석로 82,인천성민병원점,메가커피
경기도 안산시 단원구 민속공원로 93 ,안산중앙역점,메가커피
경기도 안산시 상록구 감골2로 44 ,안산사동점,메가커피
인천광역시 남동구 백범로 206 1층(만수동) ,인천만수중앙점,메가커피
인천광역시 서구 율도로 45,인천신현중앙점,메가커피
경기도 안산시 단원구 예술대학로 20 (고잔동) 메가커피 ,안산중앙점,메가커피
인천광역시 남동구 매소홀로 1127 (서창동수팰리스)101호 ,서창1지구점,메가커피
경기도 안산시 단원구 와동공원로 150 ,안산와동점,메가커피
인천광역시 남동구 서창남순환로215번길 17 메가커피(인천서창점) ,인천서창점,메가커피
경기도 화성시 향남읍 행정중앙1로 4 . ,화성향남시범점,메가커피
경기도 안산시 단원구 와동로 56 ,안산열녀문점,메가커피
경기도 안산시 상록구 석호로 207 ,안산석호점,메가커피
인천광역시 서구 청라커낼로329번길 19-3 (경서동)1층 ,청라커낼점,메가커피
인천광역시 서구 중봉대로 586번길 9-4 ,청라홍익점,메가커피
인천광역시 서구 원창로 194 (신현동)1층104105호 ,인천신현점,메가커피
경기도 시흥시 새재로17번길 7 1층 103호(장현동) ,시흥시청점,메가커피
경기도 시흥시 장현능곡로 184 103호(능곡동능곡프라자) ,시흥능곡역점,메가커피
인천광역시 남동구 만수서로 62 (만수동) 메가커피 ,인천만수향촌점,메가커피
경기도 시흥시 능곡번영길 33 . ,시흥능곡중앙점,메가커피
경기도 화성시 향남읍 발안양감로 205 ,화성향남2지구점,메가커피
경기도 안산시 상록구 화랑로 508 ,안산성포점,메가커피
경기도 안산시 상록구 중보로 49 (이동) 메가커피 ,한대앞역점,메가커피
경기도 안산시 단원구 예술대학로 155 (고잔동) ,안산서울예대점,메가커피
인천광역시 서구 봉오재1로 49 메가커피(루원시티점) ,루원시티점,메가커피
인천광역시 부평구 경원대로 1246 1층(산곡동동심빌딩) ,백운현대점,메가커피
인천광역시 서구 청라에메랄드로 84 (청라동) 메가커피 ,인천좋은병원점,메가커피
인천광역시 서구 청라라임로122번길 2 (청라동) 메가커피 ,청라중점,메가커피
인천광역시 남동구 장수로 3-12,인천장수점,메가커피
인천광역시 서구 가정로 415,인천루원중앙점,메가커피
경기도 화성시 향남읍 발안로 116 메가커피 ,화성향남1지구점,메가커피
인천광역시 서구 가정동 606-1 메가커피 ,정지구점,메가커피
경기도 안산시 상록구 본오동 879-13 1층 ,안산본오점,메가커피
경기도 안산시 상록구 본오로 60 1층(본오동) ,안산반월공원점,메가커피
"인천광역시 부평구 마장로220번길 13 106(상가)동 107호(산곡동, 한신휴아파트) ",인천산곡한신휴점,메가커피
"경기도 안산시 상록구 예술광장로 19 (월피동, 현대쇼핑) . ",안산성포역점,메가커피
인천광역시 서구 가정동 619-1 메가커피 ,정역점,메가커피
인천광역시 부평구 원적로 296,부평산곡중앙점,메가커피
경기도 안산시 상록구 도매시장로 33 ,안산이동점,메가커피
"인천광역시 부평구 동수로 28 (부평동, 샬렛주상아파트) ",부평해링턴플레이스점,메가커피
경기도 안산시 상록구 반석로 65 . ,안산본오사거리점,메가커피
경기도 안산시 상록구 광덕산2로 19 1층 일부 ,안산월피점,메가커피
경기도 안산시 상록구 용신로 393 ,상록수역점,메가커피
인천광역시 부평구 마장로 310 101호 (산곡동 롯데프라자) ,인천산곡점,메가커피
인천광역시 부평구 경원대로 1366 (부평동) 메가커피 ,부평북부역점,메가커피
인천광역시 부평구 경원대로 1366 (부평동) 메가커피 ,부평오거리점,메가커피
인천광역시 부평구 육동로 20,부평남부역점,메가커피
경기도 안산시 상록구 각골로 64 ,안산본오중앙점,메가커피
인천광역시 부평구 광장로 16,부평역지하상가점,메가커피
경기도 안산시 상록구 도매시장로 91-1 1층(일동) ,안산식물원점,메가커피
경기도 시흥시 연성로 86,시흥하상점,메가커피
인천광역시 부평구 부영로189번길 51 123호(산곡동) ,산곡고점,메가커피
인천광역시 부평구 시장로 17 1층 ,부평로데오점,메가커피
경기도 안산시 상록구 안산대학로 101 (일동) 메가커피 ,안산일동점,메가커피
"인천광역시 부평구 마장로 385, 1층 ",인천청천점,메가커피
인천광역시 부평구 부평대로 42 101호(부평동) ,부평중앙점,메가커피
인천광역시 부평구 부평대로 67-2 (부평동) . ,부평시장역점,메가커피
인천광역시 부평구 청천동 234-3 메가커피 ,부평금호점,메가커피
인천광역시 부평구 부일로 11 . ,부평굴다리점,메가커피
인천광역시 부평구 장제로 99 . ,부평해물탕거리점,메가커피
경기도 시흥시 수인로3381번길 12,삼미시장점,메가커피
경기도 시흥시 신천로83번길 2 (신천동) 메가커피 ,시흥신천역점,메가커피
경기도 안산시 상록구 부곡로 121 1층 102호(부곡동) ,안산부곡점,메가커피
인천광역시 부평구 수변로 8 . ,부개역점,메가커피
인천광역시 부평구 길주로 505 505 ,부평경찰서점,메가커피
인천광역시 서구 탁옥로51번길 2 . ,인천서구청점,메가커피
인천광역시 부평구 부평대로 152 102호(부평동파리상뜨) ,부평구청역점,메가커피
"경기도 시흥시 시흥대로 1077, 1층 ",시흥신일초점,메가커피
인천광역시 부평구 마장로 489,청천아이즈빌점,메가커피
인천광역시 부평구 일신로14번길 24 (일신동) 메가커피 ,부평일신점,메가커피
인천광역시 부평구 부평문화로 186-1 . ,부평SK뷰해모로점,메가커피
인천광역시 부평구 길주남로 33 1층(부평동) ,부평신트리점,메가커피
인천광역시 부평구 장제로 171 (부평동) 메가커피 ,부평중점,메가커피
인천광역시 부평구 장제로 171 (부평동) 메가커피 ,부평보건소점,메가커피
인천광역시 부평구 수변로 58 1층(부개동) ,인천부개점,메가커피
인천광역시 서구 탁옥로 105 메인프라자3차107호 ,인천국제성모병원점,메가커피
인천광역시 서구 심곡로 ,인천공촌점,메가커피
인천광역시 서구 승학로 319,인천연희점,메가커피
인천광역시 부평구 부흥로 393 1층 일부호(부개동) ,부광초사거리점,메가커피
경기도 시흥시 복지로53번길 16 . ,시흥대야댓골점,메가커피
인천광역시 부평구 장제로 211,굴포천역점,메가커피
경기도 시흥시 비둘기공원7길 46 (대야동) 메가커피 ,시흥대야점,메가커피
경기도 시흥시 수인로3287번길 25-2 1층(은행동) ,시흥은행점,메가커피
인천광역시 부평구 갈월서로 46,인천부평공고점,메가커피
인천광역시 부평구 부평대로 283,갈산역점,메가커피
경기도 부천시 송내대로 32 (송내동) ,송내남부역점,메가커피
경기도 시흥시 복지로 96,시흥포도탑점,메가커피
경기도 시흥시 매화산단3길 1 (매화동) . ,시흥매화산단점,메가커피
인천광역시 부평구 길주로 639 (삼산동) 메가커피 ,인천삼산점,메가커피
인천광역시 계양구 안남로 499 1층 일부호(효성동) ,인천효성신사거리점,메가커피
인천광역시 서구 승학로 410,검암우체국점,메가커피
인천광역시 서구 도요지로 225 (검암동) 메가커피 ,인천서구경서점,메가커피
"경기도 부천시 상일로 94번길 35, 105, 106호 (상동, 현대프라자) ",송내로데오점,메가커피
경기도 시흥시 은행로155번길 16 (은행동) 메가커피 ,은행로데오점,메가커피
경기도 부천시 상일로122번길 38,부천송내법원점,메가커피
인천광역시 부평구 주부토로 251 1층 ,부평갈산점,메가커피
"인천광역시 부평구 부평대로 337 1-11호(청천동, 부평 제이타워3차지식산업센터) ",부평제이타워점,메가커피
인천광역시 계양구 안남로 548,인천효성점,메가커피
인천광역시 계양구 서운산단로3길 4 (서운동) 메가커피 ,인천서운산업단지점,메가커피
경기도 시흥시 은계로 353,시흥대야역점,메가커피
경기도 시흥시 은계번영길 7,시흥은계중앙점,메가커피
"인천광역시 계양구 새벌로 120 1층 107호(효성동,대산아파트) ",인천효성남초점,메가커피
인천광역시 서구 승학로 470 (검암동) 메가커피 ,검암점,메가커피
경기도 시흥시 목감남서로 9-27 (조남동) ,목감신도시점,메가커피
경기도 시흥시 은계호수로 49,시흥그랑트리캐슬점,메가커피
충청남도 아산시 신창면 순천향로 14 . ,순천향대점,메가커피
인천광역시 계양구 계양대로 44 106호(작전동덕용프라자) ,인천작전점,메가커피
인천광역시 부평구 평천로 400 104호(삼산동삼산웰빙프라자) ,인천삼산사거리점,메가커피
경기도 부천시 조마루로85번길 7-11,부천상일사거리점,메가커피
경기도 부천시 성주로 88 (송내동) 메가커피 ,부천고점,메가커피
경기도 부천시 성주로 175 (심곡본동)1층 ,심곡본동점,메가커피
인천광역시 부평구 장제로 388 1층 일부호 ,인천장제로점,메가커피
"경기도 안산시 상록구 건건로66 1층 101,102호(건건동, 스마트타워) ",안산반월점,메가커피
경기도 부천시 중동로 100 (중동) 메가커피 ,중동역북부점,메가커피
인천광역시 서구 승학로 567 (검암동) 메가커피 ,인천검암2지구점,메가커피
경기도 시흥시 목감우회로 45 110호(목감동한울플러스) ,목감중앙점,메가커피
인천광역시 계양구 효서로 305 (작전동) 메가커피 ,인천화전초교점,메가커피
경기도 부천시 상동로 113,부천상동점,메가커피
경기도 부천시 상동로 79 (상동) 메가커피 ,상동로데오점,메가커피
경기도 부천시 부흥로 197 (중동) 메가커피 ,부천중동시장점,메가커피
"경기도 안산시 상록구 건건로 123 (건건동, 한맥빌딩) ",반월역점,메가커피
인천광역시 계양구 주부토로 422 . ,인천작전중앙점,메가커피
경기도 부천시 경인로 222 1층(심곡본동) ,부천남부역점,메가커피
경기도 안산시 상록구 수인로 2020 메가커피(안산수암점) ,안산수암점,메가커피
경기도 부천시 석천로169번길 34,부천중동현대점,메가커피
"경기도 부천시 길주로 137 (상동, 그린힐) ",부천진달래마을점,메가커피
인천광역시 계양구 계양대로 156 메가커피 ,경인교대입구역점,메가커피
경기도 화성시 봉담읍 상리2길 55 ,화성봉담2지구점,메가커피
경기도 부천시 소향로 181 . ,중동센트럴푸르지오점,메가커피
경기도 화성시 봉담읍 삼천병마로 1276 1층 일부호 ,화성상리점,메가커피
"인천광역시 부평구 영성서로 37, 105호 (삼산동, 메디칼센타) ",부평미래타운점,메가커피
경기도 부천시 부일로 460 1층103호(심곡동시네마존) ,부천역점,메가커피
경기도 부천시 소사로 130 1층(소사본동) ,소새울역점,메가커피
인천광역시 계양구 주부토로 473 (계산동) 메가커피 ,인천작전초점,메가커피
인천광역시 계양구 장제로 717 102호(작전동준빌딩) ,인천한림병원점,메가커피
인천광역시 계양구 게양대로 215,계산삼거리점,메가커피
"경기도 부천시 길주로 199, 109호 ",부천시청역점,메가커피
경기도 김포시 양촌읍 황금로109번길 27 ,김포양촌산업단지점,메가커피
"경기도 부천시 소사로 185 1층 103호(소사본동, 골드캐슬) ",부천소사초사거리점,메가커피
"경기도 부천시 부흥로307번길 66 1층 메가커피(중동, 설산프라자) ",부천번영사거리점,메가커피
경기도 화성시 봉담읍 상리3길 43-18 ,화성삼봉근린공원점,메가커피
"경기도 화성시 봉담읍 동화길 51, 142호 ",봉담원희캐슬점,메가커피
경기도 부천시 호현로 491-1 (소사본동) 메가커피 ,소사삼거리점,메가커피
인천광역시 계양구 경명대로 1088 (계산동) 메가커피 ,인천계산역점,메가커피
경기도 부천시 길주로 270 (중동) 메가커피 ,신중동역점,메가커피
인천광역시 계양구 서운로 34,계양효성해링턴점,메가커피
인천광역시 계양구 도두리로 54 106호(작전동) ,계산도두리점,메가커피
인천광역시 서구 봉수대로 1440번안길 28-11 101호(왕길동) ,검단먹거리타운점,메가커피
경기도 화성시 봉담읍 동화길 93-8 1층 108호(쌍용프라자) ,봉담점,메가커피
경기도 부천시 소사동로 82 (소사본동) 메가커피 ,부천소사본점,메가커피
경기도 부천시 신흥로 190 (중동) 메가커피 ,부천위브점,메가커피
경기도 부천시 조종로 3 1층2호(원미동) ,부천북교사거리점,메가커피
인천광역시 계양구 계산새로 93,계양구청점,메가커피
인천광역시 계양구 경명대로 1138,계산중앙점,메가커피
인천광역시 서구 완정로 153,인천검단사거리점,메가커피
인천광역시 서구 청마로19번길 21 (당하동) 메가커피 ,완정역점,메가커피
경기도 부천시 삼작로 22 (삼정동) 메가커피 ,부천테크노파크점,메가커피
경기도 수원시 권선구 금곡로196번길 61 (금곡동) 메가커피 ,수원호매실점,메가커피
"경기도 부천시 범안로219번길 19 (옥길동, 부천옥길자이) 메가커피 ",부천옥길중앙점,메가커피
경기도 수원시 권선구 금곡로102번길 29 메가커피(수원금곡점) ,수원금곡점,메가커피
경기도 김포시 대곶면 율생로 77-1 ,김포대곶사거리점,메가커피
인천광역시 서구 완정로 35 . ,인천마전점,메가커피
인천광역시 서구 완정로 70,인천마전역점,메가커피
인천광역시 서구 청마로 167번길 9 104호 ,인천당하점,메가커피
경기도 부천시 원미로 124번길 6-16 ,부천원미사거리점,메가커피
경기도 부천시 계남로 335,부천심원중점,메가커피
"경기도 부천시 범안로 55, 1층 101호 ",부천괴안점,메가커피
경기도 부천시 평천로 723 . ,부천신흥시장점,메가커피
경기도 부천시 양지로67번길 20,부천범박점,메가커피
충청남도 아산시 서부북로 974,아산배미점,메가커피
경기도 부천시 옥산로 150 (도당동) 메가커피 ,부천강남시장점,메가커피
인천광역시 계양구 장제로 893 1층(임학동) ,임학역점,메가커피
경기도 부천시 옥길로 113 106호(옥길동상림프라자) ,옥길지구점,메가커피
경기도 수원시 권선구 당진로 18,수원당수점,메가커피
경기도 부천시 부천로198번길 27,부천춘의점,메가커피
경기도 부천시 부천로 274,부천벚꽃동산점,메가커피
경기도 수원시 권선구 삼천병마로1597번길 6 ,수원오목천점,메가커피
경기도 군포시 송부로 92,군포송정지구점,메가커피
경기도 수원시 권선구 금호로 20 (호매실동) 메가커피 ,호매실신미주점,메가커피
경기도 화성시 봉담읍 와우로 79 메가커피 ,수원대점,메가커피
충청남도 보령시 중앙로 73,보령점,메가커피
서울특별시 구로구 부광로 88,항동지식산업센터점,메가커피
"경기도 부천시 역곡로 7 (역곡동, 스카이빌딩) 메가MGC커피(역곡북부역점) ",역곡북부역점,메가커피
경기도 화성시 효행로 287,화성보보스점,메가커피
경기도 부천시 경인로 517 (괴안동) 메가커피 ,역곡남부역점,메가커피
인천광역시 서구 검단로623번길 13,인천검단초점,메가커피
경기도 평택시 고덕여염9길 22 . ,고덕삼성전자사거리점,메가커피
경기도 평택시 고덕갈평5길 30 . ,평택고덕로데오점,메가커피
경기도 김포시 김포한강8로 158 (마산동) 메가커피 ,김포마산점,메가커피
인천광역시 서구 서로3로 50 B220호 ,검단모아미래도점,메가커피
경기도 수원시 권선구 호매실로218번길 126 ,수원호매실13단지점,메가커피
경기도 부천시 지봉로 130,역곡중앙점,메가커피
인천광역시 서구 고산후로95번길 18 106(당하동리빙프라자) ,인천원당점,메가커피
인천광역시 계양구 장제로 1004 상가동101호(박촌동) ,인천박촌역점,메가커피
경기도 김포시 김포한강8로 173-88,김포은여울점,메가커피
경기도 평택시 고덕면 도시지원1길 19 . ,고덕STV점,메가커피
충청남도 보령시 한내로 16 1층 (동대동) ,보령동대점,메가커피
"경기도 김포시 김포한강8로 386 (구래동, 김포센트럴프라자2) . ",구래중앙점,메가커피
서울특별시 구로구 서해안로 2124 메가커피(구로항동점) ,구로항동점,메가커피
경기도 수원시 권선구 호매실로104번길 90 (호매실동) 메가커피 ,수원능실마을점,메가커피
경기도 김포시 김포한강8로 333,김포솔터마을점,메가커피
경기도 부천시 삼작로 252 (도당동) 메가커피 ,부천도당점,메가커피
"경기도 광명시 신기로17번길 11, 1층 102호(일직동, 센트럴스퀘어) ",광명로데오점,메가커피
경기도 군포시 번영로 40 (부곡동) 메가커피 ,군포첨단산업단지점,메가커피
"경기도 김포시 김포한강4로 487 1층 1063호(구래동, 한강신도시 반도유보라 4차) ",김포구래역점,메가커피
"경기도 부천시 삼작로306번길 7 (여월동, 엘지타운) 메가커피 ",부천여월점,메가커피
인천광역시 계양구 동양로 117,인천동양점,메가커피
서울특별시 구로구 부일로1길  26-12 ,온수역점,메가커피
경기도 김포시 김포한강4로420번길 88 (구래동) 메가커피 ,김포호수초점,메가커피
경기도 부천시 오정동 725 오정프라자115호 ,부천오정점,메가커피
경기도 화성시 봉담읍 장등2길 5-9 ,화성봉담중앙점,메가커피
인천광역시 서구 검단로768번1길 11-8 (불로동) 메가커피 ,인천불로중앙점,메가커피
인천광역시 서구 이음대로 378,인천검단신도시점,메가커피
경기도 수원시 권선구 산업로 180 1층106호(고색동DH테크타워) ,수원산업단지점,메가커피
경기도 수원시 권선구 매송고색로 703 ,수원고색점,메가커피
인천광역시 계양구 양지로 133 (귤현동) 메가커피 ,인천귤현점,메가커피
경기도 광명시 새빛공원로  67,광명자이타워점,메가커피
인천광역시 계양구 장기로 32,인천장기점,메가커피
"서울특별시 구로구 천왕로 29 상가동 1층 102호(천왕동, 천왕 이펜하우스 4단지) ",천왕이펜하우스점,메가커피
"경기도 수원시 권선구 탑동로 2 101, 102호 (탑동) ",수원탑동사거리점,메가커피
경기도 안양시 만안구 충훈로 95 ,안양충훈부점,메가커피
경기도 광명시 일직로 43,광명GIDC점,메가커피
경기도 김포시 양촌읍 양곡1로56번길 79 메가커피 ,김포양곡점,메가커피
경기도 의왕시 부곡중앙로 7 (삼동) 메가커피 ,의왕역점,메가커피
경기도 부천시 삼작로 385 (원종동) 메가커피 ,부천성곡사거리점,메가커피
경기도 군포시 산본로323번길 4-17 103호(산본동군포프라자) ,산본역점,메가커피
"경기도 광명시 도덕로 49-1 1층(광명동, 광명7동 예비군 동대(2층)) ",광명7동점,메가커피
서울특별시 구로구 오리로 1141,천왕역점,메가커피
경기도 군포시 산본로 382,산본학원가점,메가커피
경기도 의왕시 부곡중앙남7길 8-10,의왕삼동점,메가커피
서울특별시 구로구 부일로 15길29 1층(궁동) ,구로궁동점,메가커피
경기도 부천시 원종로 33 (원종동) 메가커피 ,원종사거리점,메가커피
경기도 수원시 권선구 일월천로16번길 30 . ,구운일월점,메가커피
"인천광역시 서구 검단로 836 107호(불로동, 월드아파트) ",인천불로점,메가커피
경기도 수원시 장안구 서부로2105번길 16-4 (율전동) 메가커피 ,수원율전점,메가커피
경기도 광명시 새터로 44-7,광명아크포레점,메가커피
경기도 군포시 군포로456번길 13 102호(당동와이비프라자) ,군포당동점,메가커피
경기도 안양시 만안구 장내로 68 1층(안양동) ,안양성원점,메가커피
경기도 김포시 유현로 242,김포풍무역점,메가커피
경기도 광명시 광명로 877 . ,광명사거리점,메가커피
경기도 부천시 소사로 805 메가커피(원종중앙점) ,원종중앙점,메가커피
경기도 안양시 만안구 양화로 112 1층(박달동) ,박달사거리점,메가커피
경기도 군포시 군포로 494 . ,군포중앙점,메가커피
경기도 수원시 장안구 덕영대로425번길 44 . ,수원상률초점,메가커피
"서울특별시 구로구 오류로8길 20, 1충 (오류동) ",오류남부점,메가커피
경기도 수원시 장안구 정자천로13번길 13-1 ,수원천천푸르지오점,메가커피
경기도 수원시 팔달구 일월로22번길 11 102호(화서동한영빌딩) ,수원율현점,메가커피
경기도 광명시 소하로 86 1층 104호 ,광명소하점,메가커피
경기도 김포시 장기동 2039-5 메가커피 ,김포초당마을점,메가커피
"경기도 안양시 만안구 안양로 497 (석수동, 더 파인 타운) 메가커피 ",안양석수2동점,메가커피
경기도 안양시 만안구 안양로303번길 25 (안양동) ,안양시장점,메가커피
경기도 광명시 오리로 948-1,광명초사거리점,메가커피
경기도 김포시 김포한강1로51번길 28 레드클로버103호 ,김포장기점,메가커피
경기도 김포시 중봉1로 9 가동1층3호(감정동도선빌딩) ,김포감정점,메가커피
서울특별시 구로구 경인로20가길 5,오류동역점,메가커피
경기도 김포시 풍무로  62 ,풍무당곡고개점,메가커피
경기도 김포시 김포한강4로 176,김포운유초점,메가커피
경기도 김포시 김포한강2로  361 ,김포청송점,메가커피
경기도 안양시 만안구 안양로 257 ,안양남부시장점,메가커피
경기도 평택시 고덕중앙로 218 . ,고덕메디컬센터점,메가커피
충청남도 아산시 어의정로 184 상가4동(풍기동) ,아산풍기점,메가커피
경기도 안양시 만안구 안양로304번길 13 ,안양1번가점,메가커피
경기도 안양시 만안구 안양로 119 ,만안구청점,메가커피
충청남도 아산시 용화로 77 (온천동) 메가커피 ,아산용화점,메가커피
경기도 군포시 당정동 970-9 104호 ,군포당정점,메가커피
서울특별시 양천구 신정이펜1로 50,신정이펜하우스점,메가커피
경기도 김포시 풍무로146번길 18 (풍무동) 메가커피 ,김포풍무점,메가커피
경기도 수원시 장안구 덕영대로535번길 38 메가커피 ,수원천천점,메가커피
경기도 김포시 풍무로68번길 44 (풍무동) 1층 106호 ,김포풍무중점,메가커피
경기도 부천시 역곡로 505 (고강동) 메가커피 ,고강점,메가커피
경기도 군포시 산본천로 230,금정역점,메가커피
서울특별시 구로구 개봉로 25,개봉중앙점,메가커피
경기도 광명시 오리로856번길 8,철산로데오점,메가커피
경기도 김포시 통진읍 김포대로2244번길 20 (마송리마송프라자)1층11호 ,김포마송점,메가커피
경기도 김포시 장기동 2026-1 라베니체에비뉴 2차 1층 129호 ,김포라베니체점,메가커피
서울특별시 구로구 개봉로12길 12-1,개봉남부역점,메가커피
경기도 부천시 고리울로52번길 24,부천고리울점,메가커피
"경기도 김포시 김포한강9로75번길 180 (구래동, 두원타워) 메가커피 ",구래신도시점,메가커피
경기도 광명시 하안로 310 (하안동) 메가커피 ,광명하안점,메가커피
경기도 수원시 팔달구 덕영대로697번길 17 ,화서역점,메가커피
"경기도 광명시 하안로 254 (하안동, 정산빌딩) . ",광명금당사거리점,메가커피
서울특별시 구로구 고척로21나길 14 (개봉동) 메가커피 ,구로매봉초점,메가커피
경기도 광명시 시청로 50,철산롯데캐슬점,메가커피
충청남도 아산시 번영로 220,아산터미널점,메가커피
경기도 광명시 소하로 190,광명G타워점,메가커피
경기도 안양시 만안구 경수대로 1430 103호(석수동) ,석수역점,메가커피
경기도 안양시 만안구 태평로60번길 42 (안양동) 메가커피 ,안양덕천래미안점,메가커피
서울특별시 구로구 개봉로 70,개봉점,메가커피
서울특별시 양천구 신정로11길 길 62,신정푸른마을점,메가커피
서울특별시 구로구 고척로 126,개봉푸르지오점,메가커피
경기도 평택시 고덕여염12길 84 . ,평택고덕삼성점,메가커피
경기도 안양시 만안구 경수대로 1166번길 9 . ,안양예술공원입구점,메가커피
경기도 김포시 북변1로 16번길 47 오른쪽 일부호(북변동) ,김포북변점,메가커피
경기도 김포시 돌문로 48,김포시청점,메가커피
경기도 수원시 팔달구 화양로 31 (화서동) . ,화서블루밍점,메가커피
경기도 김포시 김포한강11로 133 (운양동) 메가커피 ,김포전원마을점,메가커피
경기도 평택시 정암로 3 (서정동) ,서정리역점,메가커피
서울특별시 구로구 경인로 324 (개봉동) 메가커피 ,개봉사거리점,메가커피
경기도 수원시 팔달구 매산로 21-11 (매산로1가41-6) ,수원로데오점,메가커피
경기도 안양시 동안구 비산로 22 ,평촌자이아이파크점,메가커피
서울특별시 양천구 지양로 77,양천신월점,메가커피
경기도 안양시 만안구 덕천로152번길 25 . ,안양아이에스점,메가커피
"경기도 수원시 팔달구 팔달로 53, 고등더퍼스트 1층 111호(고등동) ",수원역푸르지오자이점,메가커피
인천광역시 계양구 벌말로 570 (상야동) ,인천상야점,메가커피
서울특별시 구로구 경인로40길 25 1층9호(개봉동청실아파트) ,개봉북부역점,메가커피
경기도 수원시 장안구 대평로 27 ,화서파크푸르지오점,메가커피
경기도 수원시 장안구 이목로 24-3 1층 102호(정자동) ,수원SK스카이뷰점,메가커피
경기도 수원시 권선구 세류로 32 (세류동) . ,수원센트럴점,메가커피
"경기도 김포시 김포한강9로 32, 1층 104, 105호 ",김포나비초점,메가커피
경기도 안양시 동안구 임곡로 46 ,대림대점,메가커피
경기도 김포시 걸포2로 45 A동 1층 109호(걸포동) ,김포걸포점,메가커피
충청남도 청양군 청양읍 중앙로 139 ,청양터미널점,메가커피
경기도 수원시 장안구 대평로 80 정연메이져129호 ,수원정자점,메가커피
경기도 김포시 사우중로 78 (사우동) 메가커피 ,김포사우점,메가커피
경기도 수원시 권선구 정조로388번길 7-4 . ,세류역점,메가커피
경기도 평택시 송탄로40번길 79-21 (이충동) 메가커피 ,평택장당점,메가커피
서울특별시 금천구 가산디지털2로 43-14,산한화비즈점,메가커피
경기도 수원시 팔달구 동말로 79 (화서동) . ,수원화서사거리점,메가커피
경기도 평택시 탄현로 330-1,평택송탄시장점,메가커피
서울특별시 금천구 가산디지털2로 101 . ,산한라원앤원점,메가커피
경기도 안양시 동안구 경수대로 426 ,안양포도원점,메가커피
서울특별시 양천구 신월로 175 (신월동) 메가커피 ,신곡시장점,메가커피
서울특별시 양천구 남부순환로 398,양천양서중점,메가커피
"서울특별시 금천구 벚꽃로 40 40 113동 108호 (독산동, 금천 롯데캐슬 골들파크 1차) ",금천롯데캐슬점,메가커피
서울특별시 금천구 시흥대로 227 (시흥동) 메가커피 ,시흥사거리점,메가커피
경기도 수원시 장안구 파장로 63 1층(정자동) ,수원파장점,메가커피
서울특별시 양천구 남부순환로40길 3 (신월동) 메가커피 ,신월사거리점,메가커피
경기도 수원시 권선구 효원로 88 . ,수원매교힐스테이트점,메가커피
경기도 안양시 동안구 경수대로 585 ,평촌어바인퍼스트점,메가커피
"경기도 수원시 장안구 수성로262번길 3 105, 106호(영화동) ",수원정자시장점,메가커피
"서울특별시 금천구 가산디지털2로 166, 1층 108호(가산동, 에이스K1타워) ",산에이스K1타워점,메가커피
경기도 김포시 고촌읍 수기로 109 ,김포신곡점,메가커피
"서울특별시 금천구 가산디지털1로 171 지상1층 117일부호(가산동, 가산 에스케이 브이원 센터) ",산SKV1센터점,메가커피
경기도 평택시 관광특구로  30,송탄출장소점,메가커피
경기도 화성시 떡전골로 96-4 1층(병점동미라클프라자) ,병점역점,메가커피
서울특별시 양천구 월정로 53,신월경창시장점,메가커피
경기도 의왕시 모락로 28 1층 102-2호 ,의왕오전점,메가커피
서울특별시 구로구 고척로 239,구로고척점,메가커피
경기도 안양시 동안구 시민대로 167 ,범계벤처텔점,메가커피
경기도 수원시 권선구 동수원로58번길 18 ,곡반한솔점,메가커피
서울특별시 구로구 경인로47길 107 . ,구로고척시장점,메가커피
서울특별시 양천구 월정로 127 . ,곰달래사거리점,메가커피
서울특별시 금천구 벚꽃로 286,산리더스타워점,메가커피
경기도 오산시 수청로 197 백현프라자105호(금암동) ,오산세교점,메가커피
서울특별시 구로구 경인로47길 26 (고척동) . ,동양미래대학점,메가커피
"경기도 의왕시 전주남이길 8, 102동 106호(오전동, 목화케이티이자리에) ",의왕시티병원점,메가커피
서울특별시 양천구 오목로 77 . ,신월양강점,메가커피
서울특별시 금천구 금하로 713-1,시흥중앙점,메가커피
경기도 평택시 지산로 83 . ,평택지산점,메가커피
경기도 수원시 장안구 송원로 1 ,수원송죽점,메가커피
경기도 안양시 동안구 동안로 194 139호(비산동한양스포츠센타) ,평촌샛별점,메가커피
경기도 평택시 이충로35번길 26 103호(이충동) ,평택이충점,메가커피
경기도 수원시 권선구 덕영대로1201번길 36 (권선동) 메가커피 ,수원터미널점,메가커피
경기도 수원시 권선구 권선로 620 (권선동) . ,수원세류점,메가커피
"서울특별시 구로구 구일로10길 27 B동 1층 109-1호, 114-1호, 115-1호 ",구일역점,메가커피
경기도 화성시 병점2로 22 (병점동) 메가커피 ,병점중앙점,메가커피
경기도 안양시 동안구 평촌대로223번길 28 (호계동) 메가커피 ,범계로데오점,메가커피
서울특별시 강서구 가로공원로76길 73,화곡중앙시장점,메가커피
서울특별시 양천구 중앙로 265 1층(신정동) ,신정네거리역점,메가커피
경기도 화성시 병점1로 66-10,에브리데이병점점,메가커피
경기도 수원시 권선구 곡선로 43 (곡반정동) 메가커피 ,수원곡반정점,메가커피
서울특별시 양천구 화곡로 104 . ,신월5동점,메가커피
서울특별시 금천구 가산로 115 (가산동) 메가커피 ,금천가산점,메가커피
서울특별시 양천구 목동남로4길 2,목동우성점,메가커피
경기도 수원시 팔달구 인계로 20 . ,수원매교역점,메가커피
"경기도 오산시 대호로 97 (궐동, 골드뷰아파트) 메가커피 ",오산궐동점,메가커피
경기도 수원시 팔달구 세지로 148 . ,매교솔밭사거리점,메가커피
서울특별시 금천구 독산로 178,시흥한울중점,메가커피
경기도 안양시 동안구 평촌대로 116 101호(평촌동평촌프라자) ,평촌학원가점,메가커피
경기도 오산시 수목원로 458,오산죽미마을점,메가커피
충청남도 아산시 둔포면 아산밸리중앙로 82 1동109호 ,아산테크노밸리점,메가커피
경기도 수원시 팔달구 정조로 756-1 (팔달로3가) 메가커피 ,수원남문점,메가커피
경기도 김포시 고촌읍 인향로24번길 62 . ,고촌수기마을점,메가커피
경기도 평택시 지제동삭1로 41 . ,평택지제점,메가커피
경기도 수원시 권선구 세권로195번길 33 ,수원권선SK뷰점,메가커피
경기도 수원시 권선구 동수원로177번길 40 ,수원아이파크시티점,메가커피
서울특별시 금천구 독산로 243,금천독산4동점,메가커피
서울특별시 양천구 목동서로 389,양천구청점,메가커피
"서울특별시 강서구 강서로 33, 1층 ",까치산역점,메가커피
서울특별시 강서구 강서로 33 메가커피 ,까치산역점,메가커피
경기도 수원시 장안구 송원로 83 (조원동) 메가커피 ,장안구청점,메가커피
경기도 김포시 고촌읍 상미4로 1 ,김포향산신도시점,메가커피
서울특별시 양천구 오목로 146,신정역점,메가커피
경기도 수원시 권선구 곡반정로 155-1 (곡반정동) . ,수원하늘채점,메가커피
경기도 수원시 장안구 정조로 914 (영화동) 메가커피 ,수원북문점,메가커피
"경기도 수원시 장안구 정조로 914, 1층 ",수원북문점,메가커피
경기도 수원시 팔달구 세지로 211 . ,인계파밀리에점,메가커피
경기도 김포시 고촌읍 장차로 4 ,김포고촌점,메가커피
"서울특별시 강서구 수명로 68-35, 1층 (내발산동,웨스트엔드중정) ",마곡수명산점,메가커피
서울특별시 금천구 시흥대로 474 1층 101호(유창빌딩) ,금천독산점,메가커피
서울특별시 강서구 화곡로 160 1층(화곡동) ,화곡역점,메가커피
서울특별시 강서구 화곡로 326 (화곡동) 메가커피 ,강서구청점,메가커피
경기도 화성시 효행로 1073 (진안동거성프라자) ,화성병점점,메가커피
서울특별시 양천구 은행정로 17,양천신정중앙점,메가커피
서울특별시 강서구 강서로18나길 1,까치산시장점,메가커피
서울특별시 강서구 강서로 211 (화곡동) ,우장산숲아이파크점,메가커피
서울특별시 구로구 디지털로31길 41 (구로동이앤씨벤처드림타워6차)110호(구로동이앤씨드림타워6차) ,구로점,메가커피
"경기도 오산시 오산로 79, 1층 (갈곶동) ",오산갈곶점,메가커피
경기도 안양시 동안구 관평로305번길 49 ,안양수촌마을점,메가커피
"서울특별시 구로구 디지털로31길 120, 상가2동 1층 229호, 230호 ",남구로점,메가커피
"경기도 안양시 동안구 관평로170번길 33 1층 101호 (관양동, 평촌주공공이) ",평촌로데오점,메가커피
서울특별시 강서구 마곡중앙1로 26 . ,마곡공진초점,메가커피
서울특별시 구로구 디지털로26길  98 ,구로디지털탑프라자점,메가커피
서울특별시 강서구 방화동로  102,방화중앙점,메가커피
경기도 수원시 권선구 동수원로242번길 6 ,수원권선중앙점,메가커피
서울특별시 강서구 마곡중앙5로 87 101호(마곡동우성르보아투) ,신방화역점,메가커피
서울특별시 강서구 까치산로4길 3 1층(화곡동) ,화곡본동시장점,메가커피
경기도 의왕시 계원대학로 ,계원예대점,메가커피
경기도 김포시 김포한강10로133번길 127 . ,김포디원시티점,메가커피
"서울특별시 강서구 양천로 73 1층 105호(방화동, 멤브로메디컬센터) ",방화사거리점,메가커피
경기도 안양시 동안구 부림로 156 ,안양법원점,메가커피
서울특별시 구로구 새말로 22 . ,구로NC점,메가커피
경기도 안양시 동안구 부림로 48 . ,평촌초원점,메가커피
경기도 수원시 장안구 금당로 32 . ,수원조원중앙점,메가커피
경기도 수원시 장안구 송정로 190 . ,수원조원점,메가커피
서울특별시 구로구 구로동 1125-9 1층 ,구로깔깔거리점,메가커피
서울특별시 구로구 가마산로 268 104호(구로동대림역와이즈플레이스) ,구로구청점,메가커피
서울특별시 양천구 오목로 232 104호(보성팰리스) ,목동역점,메가커피
경기도 수원시 팔달구 인계로166번길 48-21 인계샤르망오피스텔 ,수원인계점,메가커피
경기도 오산시 오산로212번길 5 (원동) 메가커피 ,오산로데오점,메가커피
서울특별시 강서구 곰달래로49길 11,화곡남부시장점,메가커피
서울특별시 강서구 우장산로2길 49,발산중앙점,메가커피
경기도 화성시 10용사로 349-3 1층(능동) ,동탄푸른마을점,메가커피
"경기도 오산시 오산로160번길 15 (원동, 코스모타워) ",오산중앙점,메가커피
서울특별시 강서구 금낭화로 146,방화역점,메가커피
경기도 오산시 경기대로 154 패션폴라리스빌딩123호(원동) ,오산원동점,메가커피
서울특별시 강서구 마곡동로 62 (마곡동) 메가커피 ,마곡중앙점,메가커피
경기도 수원시 영통구 권선로908번길  47 ,수원신동점,메가커피
경기도 평택시 평택1로 2-1 (평택동)1층 ,평택역점,메가커피
서울특별시 강서구 강서로 349,이대서울병원점,메가커피
서울특별시 강서구 강서로45길 6 (내발산동) 메가커피 ,우장산점,메가커피
서울특별시 구로구 경인로63길 11,신도림크라운빌점,메가커피
"경기도 평택시 세교6로 46 (세교동, 힐스테이트 평택) 메가커피 ",평택힐스테이트점,메가커피
서울특별시 영등포구 도림로 144 1층 103호 ,대림역점,메가커피
경기도 수원시 팔달구 중부대로143번길 11 101호(우만동) ,수원월드메르디앙점,메가커피
서울특별시 강서구 강서로 471,양천향교역점,메가커피
서울특별시 강서구 강서로 419,마곡유림점,메가커피
서울특별시 강서구 곰달래로 272 (화곡동) 메가커피 ,목동사거리점,메가커피
서울특별시 금천구 남부순환로 1432 . ,신림푸르지오점,메가커피
서울특별시 강서구 마곡중앙5로 1길 20 1층112호 ,마곡나루역점,메가커피
경기도 수원시 장안구 연무로13번길 58 ,수원연무시장점,메가커피
충청남도 아산시 탕정면 탕정면로8번길 97-2 ,아산지중해마을점,메가커피
서울특별시 구로구 새말로 89 (구로동) 메가커피 ,신도림태영타운점,메가커피
경기도 김포시 하성면 월하로 736 ,김포마곡사거리점,메가커피
서울특별시 양천구 오목로 315 104호(목동대영상가) ,오목교역점,메가커피
경기도 의왕시 포일로 43 (내손동) 메가커피 ,의왕내손점,메가커피
서울특별시 영등포구 시흥대로 629,대림사거리점,메가커피
서울특별시 강서구 강서로 380 . ,발산역점,메가커피
경기도 오산시 성호대로 127 (오산동) 메가커피 ,오산시청점,메가커피
서울특별시 구로구 경인로 661 (신도림동신도림1차푸르지오)133호 ,신도림역점,메가커피
경기도 오산시 동부대로 332-13  ,오산더테라스퀘어점,메가커피
경기도 수원시 영통구 인계로 220번길16 1층좌측3호 ,수원매탄점,메가커피
경기도 수원시 영통구 영통로153번길 98 ,수원망포초점,메가커피
경기도 화성시 동탄지성로 140 (능동) 메가커피 ,동탄능동점,메가커피
"서울특별시 관악구 난곡로 268, 1층 일부호(신림동) ",난곡우체국점,메가커피
서울특별시 관악구 난우길 8 (신림동) 메가커피 ,신림난곡점,메가커피
경기도 수원시 영통구 효원로 387 1층111112호(매탄동풍성프라자) ,수원영통구청점,메가커피
서울특별시 양천구 목동동로12길 45,오목교중앙점,메가커피
"경기도 수원시 영통구 신원로 88 1층(신동, 디지털엠파이어2) ",수원엠파이어점,메가커피
경기도 평택시 동삭1로22번길 19-13 1층 102호(동삭동) ,평택더샵센트럴점,메가커피
경기도 안양시 동안구 흥안대로 456번길 42 ,인덕원벌말점,메가커피
경기도 화성시 동탄원천로 338 1층 106호 ,동탄능동중앙점,메가커피
"경기도 화성시 동탄지성로 102,  1층 109,110호(반송동, 하나로프라자) ",동탄센트럴파크점,메가커피
경기도 오산시 남부대로 411-12 1층105호 ,오산고현점,메가커피
경기도 평택시 중앙로 101,평택성동초교점,메가커피
경기도 수원시 영통구 덕영대로 1478 ,망포포레스퀘어점,메가커피
서울특별시 강서구 공항대로 103,강서세무서점,메가커피
서울특별시 강서구 공항대로 190,마곡역점,메가커피
경기도 수원시 영통구 인계로 260 ,수원매탄초사거리점,메가커피
서울특별시 강서구 공항대로41길 43 (등촌동) 메가커피 ,등촌성당점,메가커피
서울특별시 양천구 목동중앙남로11길  8,목동시장점,메가커피
경기도 수원시 영통구 태장로 83 (망포동) 메가커피 ,수원망포점,메가커피
"서울특별시 관악구 난곡로 367 1층 105호 (신림동, 경신빌딩) ",신대방역점,메가커피
서울특별시 영등포구 선유로9길 10,문래SKV1센터점,메가커피
서울특별시 강서구 양천로 401 메가커피(강서한강자이타워점) ,강서한강자이타워점,메가커피
경기도 수원시 영통구 중부대로 260 (매탄동) 메가커피 ,아주대삼거리점,메가커피
"서울특별시 영등포구 도영로 33-2, 1층 ",도림점,메가커피
"서울특별시 영등포구 신길로34길 1, 101호(신길동) ",대화성저마을점,메가커피
서울특별시 양천구 등촌로 180 . ,등촌아이파크점,메가커피
경기도 김포시 하성면 애기봉로 848-1 ,김포하성점,메가커피
경기도 수원시 영통구 아주로 42 (원천동) 메가커피 ,수원아주대점,메가커피
서울특별시 동작구 여의대방로 30 메가커피(보라매점) ,보라매점,메가커피
경기도 화성시 동탄중심상가1길 9 (반송동) 메가커피 ,동탄남광장점,메가커피
충청남도 아산시 배방읍 모산로126번길 17-7 (공수리배방삼정그린코아)1층105호 ,아산배방점,메가커피
"서울특별시 양천구 목동중앙로 97 1층(목동, 청우빌딩) ",신목점,메가커피
서울특별시 영등포구 여의대방로 189 (신길동) 메가커피 ,해군회관사거리점,메가커피
경기도 의왕시 안양판교로 99 106호(포일동스마일타워) ,의왕포일점,메가커피
경기도 수원시 영통구 영통로90번길 4-20 . ,망포늘푸른벽산점,메가커피
경기도 화성시 동탄솔빛로 62 108(반송동리첸프라자) ,동탄나루마을점,메가커피
경기도 화성시 영통로 59 (반월동) 메가커피 ,신영통점,메가커피
서울특별시 영등포구 선유서로24길 6 메가커피(양평중흥S클래스점) ,양평중흥S클래스점,메가커피
서울특별시 관악구 호암로26가길 2 (신림동) 메가커피 ,대학점,메가커피
서울특별시 관악구 신림로 321 (신림동) 메가커피 ,신림역점,메가커피
서울특별시 관악구 신림로 90 1층메가커피(신림동) ,신림프라임법학원점,메가커피
경기도 화성시 동탄중심상가2길 7 (반송동) 메가커피 ,동탄북광장점,메가커피
경기도 수원시 영통구 덕영대로 1547 (영통동) 메가커피 ,망포역점,메가커피
서울특별시 강서구 공항대로 629 (염창동) 메가커피 ,염창역점,메가커피
서울특별시 영등포구 신풍로 48,신풍역점,메가커피
"서울특별시 양천구 목동서로 65 (목동, 목동가든스위트) 메가커피 ",목동파리공원점,메가커피
서울특별시 영등포구 양산로 53,양평역점,메가커피
경기도 평택시 상서재로 50 416동121호(동삭동평택센트럴자이4단지) ,평택동삭점,메가커피
서울특별시 강서구 양천로 461,양중앙점,메가커피
서울특별시 강서구 양천로 492,양역점,메가커피
서울특별시 양천구 목동중앙북로7길 10,등촌역점,메가커피
서울특별시 영등포구 경인로 775 (문래동3가) 메가커피 ,문래에이스하이테크점,메가커피
경기도 평택시 신촌2로 22 . ,평택동문점,메가커피
서울특별시 양천구 목동중앙본로 116,목2동점,메가커피
서울특별시 영등포구 여의대방로 87,보라매공원점,메가커피
서울특별시 강서구 공항대로61길 22,강서등촌점,메가커피
충청남도 아산시 탕정면 탕정면로 222 (호산리온샘빌딩)1층102호 ,아산탕정점,메가커피
서울특별시 양천구 목동서로 37 1층 107호 ,목동월촌중점,메가커피
서울특별시 영등포구 신길로34길 1 101호(신길동) ,신길힐스테이트점,메가커피
"서울특별시 영등포구 영등포로 150, C동 1층 107호(당산동1가, 생각공장 당산) ",당산생각공장점,메가커피
경기도 오산시 부산중앙로 42 메가커피 ,오산시티자이점,메가커피
서울특별시 영등포구 영신로19길 26-1,영등포역남부점,메가커피
"서울특별시 동작구 보라매로5가길 16 (신대방동, 보라매아카데미타워) 메가커피 ",보라매타운점,메가커피
경기도 수원시 영통구 대학로 47 101호 ,광교역점,메가커피
서울특별시 강서구 양천로 583,강서우림블루나인점,메가커피
서울특별시 관악구 남부순환로 1617,신림역사거리점,메가커피
경기도 수원시 영통구 매영로 143 106호(원천동원흥프라자) ,수원원천점,메가커피
서울특별시 강서구 허준로 198,양초점,메가커피
"서울특별시 양천구 목동서로 155, 1층 상가 110호 ",목동파라곤점,메가커피
"서울특별시 강서구 양천로 658 1층 101호(염창동, 양화진빌딩) ",염창점,메가커피
경기도 화성시 삼성1로6길 27 (반월동) 메가커피 ,기흥삼성반도체점,메가커피
서울특별시 관악구 보라매로  2,당곡역점,메가커피
"서울특별시 영등포구 여의대방로 137, 1층(신길동) ",보라매역점,메가커피
경기도 수원시 영통구 대학로 101 (이의동) 메가커피 ,수원광교초점,메가커피
경기도 수원시 영통구 센트럴타운로 106 114호(이의동센트럴프라자) ,광교센트럴점,메가커피
서울특별시 영등포구 당산로 130 (당산동3가) 메가커피 ,영등포구청역점,메가커피
경기도 화성시 삼성1로 150,동탄한림대병원점,메가커피
경기도 수원시 영통구 광교호수공원로 20 ,수원더샵광교점,메가커피
서울특별시 영등포구 영중로 10-1,영등포역점,메가커피
경기도 평택시 비전2로 192 (비전동) 메가커피 ,평택비전점,메가커피
경기도 평택시 평남로 933 (비전동) 메가커피 ,평택소사벌지구점,메가커피
경기도 평택시 평택5로 94 (비전동) 메가커피 ,평택아너스빌점,메가커피
충청남도 아산시 배방읍 북수로 121 1층105호 ,아산북수점,메가커피
경기도 용인시 기흥구 서천로 121 (서천동) 메가커피 ,용인서천마을점,메가커피
경기도 고양시 일산서구 대화로 136 (대화동) 메가커피 ,일산대화마을점,메가커피
경기도 화성시 동탄기흥로257번가길 16 (방교동) 메가커피 ,동탄프리미엄아울렛점,메가커피
"경기도 수원시 영통구 봉영로 1569 106호(영통동, NEW WORLD PLAZA) ",수원영통역점,메가커피
경기도 화성시 동탄감배산로 124-6,동탄여울공원점,메가커피
서울특별시 관악구 쑥고개로 67-1 1층 ,봉천e편한세상점,메가커피
서울특별시 동작구 보라매로 113,신대방삼거리역점,메가커피
서울특별시 영등포구 도신로 234 (신길동) 메가커피 ,신길중앙점,메가커피
서울특별시 영등포구 양평로19길4 4 1층(양평동4가),선유도비즈타워점,메가커피
서울특별시 영등포구 국회대로 646,영등포전화국사거리점,메가커피
"서울특별시 관악구 은천로 37 1층 (봉천동, 정암빌딩) ",봉일시장점,메가커피
경기도 화성시 동탄광역환승로 73 207동지1층E004호(반도유보라아이파크8.0) ,동탄반도카림2차점,메가커피
서울특별시 영등포구 양평로 67 (당산동5가) 메가커피 ,당산역점,메가커피
경기도 수원시 영통구 에듀타운로 25 (이의동) 메가커피 ,광교중앙점,메가커피
경기도 수원시 영통구 청명남로 31 키라레스토어106호 ,수원영통점,메가커피
충청남도 아산시 탕정면 한들물빛2로 40 ,탕정한들물빛점,메가커피
"경기도 수원시 영통구 봉영로 1623, 1층 108호(영통동, 드림피아빌딩) ",영통청명점,메가커피
서울특별시 영등포구 당산로 214,당산중앙점,메가커피
경기도 수원시 영통구 광교호수공원로 277 B1-71호 ,광교중흥어뮤즈스퀘어점,메가커피
서울특별시 영등포구 버드나루로 119,당산영동점,메가커피
경기도 고양시 일산서구 호수로 817 . ,일산레이킨스몰점,메가커피
충청남도 천안시 서북구 3공단6로 58-8 ,천안차암점,메가커피
충청남도 아산시 배방읍 용연로 37 . ,아산용연마을점,메가커피
경기도 고양시 일산동구 일산로 46 115호(백석동남정씨티프라자3) ,백석역점,메가커피
경기도 화성시 동탄대로시범길 148-14,동탄2시범단지점,메가커피
경기도 화성시 동탄대로 181,동탄레이크꼬모점,메가커피
경기도 화성시 동탄대로21길 10 135호(영천동더퍼스트타워) ,동탄퍼스트타워점,메가커피
경기도 화성시 동탄오산로 82 (오산동)1층 ,동탄srt역점,메가커피
경기도 고양시 일산서구 가좌1로 8 (가좌동) 메가커피 ,일산가좌점,메가커피
경기도 고양시 일산서구 주엽로 80 E동113호(대화동) ,일산가로수길점,메가커피
경기도 고양시 일산동구 장백로 184 101호(장항동우신프라자) ,마두역점,메가커피
"경기도 용인시 기흥구 흥덕2로87번길 18 (영덕동, 이씨티) . ",용인흥덕점,메가커피
경기도 화성시 동탄장지천6길 66,동탄장지점,메가커피
서울특별시 관악구 은천로 113 (봉천동) 메가커피 ,현대시장점,메가커피
경기도 고양시 일산동구 중앙로1261번길 61 . ,일산장항점,메가커피
경기도 화성시 동탄순환대로 127-17 (산척동) 메가커피 ,동탄호수공원점,메가커피
경기도 과천시 별양상가2로 14 (별양동) 메가커피 ,과천중앙점,메가커피
경기도 수원시 영통구 영통로 523 (영통동) 메가커피 ,수원황골마을점,메가커피
경기도 화성시 동탄대로 557-9,동탄우성르보아시티점,메가커피
서울특별시 관악구 관악로  195 ,서울대입구역점,메가커피
경기도 고양시 일산동구 중산로 67 (중산동) 메가커피 ,풍산모당공원점,메가커피
경기도 고양시 일산동구 정발산로 38 (장항동장항동이스턴시티) ,일산동구청점,메가커피
경기도 과천시 관문로 92 101동 107호 ,과천힐스테이트점,메가커피
충청남도 천안시 서북구 불당23로 73-27 111호(불당동파크힐상가) ,천안불당파크힐점,메가커피
서울특별시 관악구 관악로 ,관악구청점,메가커피
경기도 고양시 일산동구 중앙로1275번길 38-15 (장항동) 메가커피 ,일산문화광장점,메가커피
서울특별시 관악구 남부순환로 1740 (봉천동) 메가커피 ,봉천역점,메가커피
충청남도 아산시 배방읍 호서로79번길 19 ,아산호서대점,메가커피
서울특별시 관악구 남부순환로 1861 (봉천동덕수빌딩)1층 ,서울대입구점,메가커피
경기도 고양시 일산서구 중앙로 1564 108호(대화동그린월드) ,대화역점,메가커피
경기도 고양시 일산서구 중앙로 1493 ,일산문촌마을점,메가커피
"경기도 수원시 영통구 법조로 149번길 122 1층 102,103호(하동) ",광교법원점,메가커피
경기도 화성시 동탄대로4길 39 (장지동) 메가커피 ,동탄서연점,메가커피
"경기도 고양시 일산동구 무궁화로 31-2, 1층 109호 (장항동, 풍성프라자) ",일산라페스타점,메가커피
경기도 과천시 별양로  142,과천자이점,메가커피
서울특별시 동작구 양녕로 193 . ,신상도점,메가커피
경기도 고양시 덕양구 토당로 115 ,능곡삼거리점,메가커피
경기도 수원시 영통구 법조로 38 ,광교호수공원점,메가커피
서울특별시 영등포구 여의나루로 42 (여의도동) 메가커피 ,여의도역점,메가커피
경기도 고양시 일산서구 주화로 70 우신프라자102호 ,주엽역점,메가커피
경기도 고양시 덕양구 지도로35번길 3 (토당동) 메가커피 ,능곡중앙점,메가커피
서울특별시 관악구 남부순환로 1913 1층(봉천동) ,낙성대역점,메가커피
경기도 용인시 수지구 광교중앙로 304 (상현동) 메가커피 ,상현역점,메가커피
충청남도 천안시 서북구 공원로 176 (불당동) 메가커피 ,천안프라디움시티점,메가커피
경기도 고양시 일산동구 월드고양로 19 ,킨텍스원시티점,메가커피
경기도 고양시 일산동구 강송로 180 1층(마두동) ,일산마두공원점,메가커피
서울특별시 관악구 봉천로 615 (봉천동) . ,관악인헌시장점,메가커피
"서울특별시 동작구 상도로 207 근생시설동 지하2층 B208, B213호 (상도동, 상도효성해링턴플레이스) ",상도해링턴플레이스점,메가커피
서울특별시 영등포구 국회대로72길 17,서여의도점,메가커피
"경기도 고양시 덕양구 충장로 22 101호(행신동, 탑프라자) ",행신역점,메가커피
충청남도 천안시 서북구 불당25로 192 (불당동)1층115호 ,천안불당신도시점,메가커피
충청남도 천안시 서북구 불당26로 77 130호(불당동지웰더샵) ,천안불당지웰점,메가커피
경기도 화성시 동탄산척로2가길 34 . ,동탄산척중앙점,메가커피
"서울특별시 마포구 망원로 19 1층 102호(망원동, 참존아파트) ",마포시민공원점,메가커피
"서울특별시 동작구 상도로 362-1, 1층 ",숭실대입구역점,메가커피
"서울특별시 영등포구 여의대로 108 지하2층(여의도동, 파크원 타워 1) ",여의도파크원점,메가커피
"경기도 평택시 용죽3로 15, 1층 103호(용이동) ",평택용죽점,메가커피
"충청남도 천안시 서북구 검은들1길 7 1층 102호(불당동, 포인트프라자빌딩) ",천안불당아이파크점,메가커피
"경기도 고양시 일산서구 대산로 124 (주엽동, 진우프라자) ",일산강선점,메가커피
서울특별시 동작구 만양로 14 . ,상도중앙점,메가커피
서울특별시 동작구 노량진로 ,노량진역점,메가커피
경기도 평택시 용이동 465-1 메가커피 ,평택대점,메가커피
경기도 고양시 일산동구 일산로 238 (마두동) 메가커피 ,일산백마마을점,메가커피
서울특별시 마포구 동교로 39,망원망리단길점,메가커피
경기도 용인시 수지구 성복2로 162 . ,수지성동마을점,메가커피
서울특별시 동작구 노량진로16길 14,노량진점,메가커피
경기도 고양시 일산서구 일산로 662 . ,일산대화점,메가커피
경기도 고양시 일산동구 대산로 20 . ,일산저동점,메가커피
경기도 파주시 심학산로423번길 7-29 . ,운정산내마을점,메가커피
"경기도 고양시 덕양구 중앙로 628 (화정동, 예일프라자) ",고양경찰서점,메가커피
경기도 화성시 지산1길 11-10 (영천동) 메가커피 ,동탄영천점,메가커피
경기도 수원시 영통구 덕영대로 1705 . ,경희대국제캠퍼스점,메가커피
경기도 고양시 일산서구 후곡로 22 ,일산후곡사거리점,메가커피
경기도 화성시 동탄영천로 5 (영천동) ,동탄영천중앙점,메가커피
경기도 고양시 덕양구 중앙로 554 (행신동) 메가커피 ,행신햇빛마을점,메가커피
서울특별시 마포구 양화로 46-1 . ,합정역점,메가커피
경기도 안성시 공도읍 진사리 349-7 107호 ,안성진사리점,메가커피
"경기도 고양시 일산서구 일산로 529 (일산동, 대화프라자) . ",일산후곡점,메가커피
서울특별시 동작구 사당로12길 2 . ,남성역점,메가커피
경기도 화성시 동탄순환대로 263 (산척동) 메가커피 ,동탄산척점,메가커피
서울특별시 마포구 월드컵북로 496 메가커피 ,상암하늘초점,메가커피
경기도 고양시 일산동구 일산로330번길 1211 ,일산국립암센터점,메가커피
서울특별시 마포구 월드컵로 151,마포중앙점,메가커피
경기도 고양시 일산동구 일산로 451 (정발산동) 메가커피 ,정발산점,메가커피
경기도 고양시 덕양구 서정마을1로 4-9 미라클프라자106호 ,일산서정마을점,메가커피
서울특별시 마포구 양화로 73,합정중앙점,메가커피
서울특별시 마포구 모래내로1길  9 ,마포구청점,메가커피
"경기도 화성시 동탄순환대로12길 85 (산척동, 그린힐 반도유보라 아이비파크 10) 메가커피 ",동탄카림3차점,메가커피
"서울특별시 동작구 사당로 243 (사당동, 동국빌딩) . ",동작남성점,메가커피
충청남도 천안시 서북구 한들3로 35-5 1층(백석동) ,천안백석점,메가커피
서울특별시 관악구 과천대로 955,사당역점,메가커피
서울특별시 마포구 월드컵북로54길 17 130호 ,사보이시티점,메가커피
"경기도 파주시 심학산로 384 (동패동, 운정신도시 IPARK) 메가커피 ",운정아이파크점,메가커피
경기도 화성시 동탄순환대로18길 16 . ,동탄목동점,메가커피
경기도 고양시 덕양구 화신로272번길 38 (화정동) 메가커피 ,고양화정점,메가커피
"경기도 용인시 수지구 수지로 125 B동 1층 일부(성복동, 원흥빌딩) ",용인성복역점,메가커피
충청남도 천안시 서북구 성성8로 2-30 109호(성성동) ,천안성성레이크타운점,메가커피
경기도 용인시 수지구 심곡로 87 . ,수지아이조움점,메가커피
충청남도 천안시 서북구 월봉로 93 (쌍용동) 메가커피 ,천안나사렛대점,메가커피
충청남도 천안시 서북구 월봉로 126 (쌍용동) 메가커피 ,천안용암마을점,메가커피
충청남도 천안시 서북구 백석4길 44 ,천안백석현대점,메가커피
서울특별시 마포구 성미산로 43,마포성산점,메가커피
서울특별시 마포구 월드컵북로 ,상암DMC점,메가커피
"경기도 고양시 일산서구 고양대로 632, 108호 ",일산한뫼초점,메가커피
경기도 용인시 수지구 만현로 120 (상현동) 메가커피 ,수지상현점,메가커피
서울특별시 서초구 동작대로 44 (방배동) 메가커피 ,사당방배점,메가커피
경기도 용인시 수지구 신봉2로 15 (신봉동) 메가커피 ,용인신봉마을점,메가커피
서울특별시 마포구 양화로 116,홍대서교점,메가커피
경기도 고양시 덕양구 화중로104번길 26 (화정동) 메가커피 ,화정역점,메가커피
서울특별시 마포구 잔다리로6길 ,홍대점,메가커피
서울특별시 동작구 흑석로 103,중앙대점,메가커피
경기도 화성시 동탄순환대로20길 69 상가동 1층 107호 ,동탄아너스빌점,메가커피
충청남도 천안시 서북구 성환읍 성진로 80-6 1층 ,천안남서울대점,메가커피
경기도 고양시 덕양구 동송로 33 ,고양삼송시티점,메가커피
"경기도 고양시 덕양구 삼막3길 5, B116호 ",삼송지축듀클래스점,메가커피
경기도 파주시 숲속노을로 275 . ,파주문발점,메가커피
서울특별시 동작구 동작대로  89,엠지씨커피 이수역점,메가커피
서울특별시 마포구 월드컵북로 8,홍대L7점,메가커피
경기도 용인시 기흥구 한보라1로 14 베스트프라자108호 ,용인보라점,메가커피
경기도 고양시 일산서구 일현로 137 (탄현동) 메가커피 ,탄현큰마을점,메가커피
경기도 고양시 일산서구 일현로 48 (탄현동) 메가커피 ,일산탄현점,메가커피
"서울특별시 은평구 수색로 217 (수색동, 디엠씨 자이1단지(DMC 자이1)) 메가커피 ",수색자이점,메가커피
서울특별시 동작구 동작대로27길 20,이수태평점,메가커피
경기도 용인시 수지구 포은대로313번길 7-10 ,수지e편한세상점,메가커피
서울특별시 마포구 독막로 145,광흥창역점,메가커피
경기도 고양시 덕양구 화중로151번길 3 . ,화정단독주택단지점,메가커피
경기도 용인시 기흥구 금화로 106 ,용인상갈점,메가커피
"경기도 고양시 일산서구 일현로 97-11 (탄현동, 일산위브더제니스) . ",탄현제니스점,메가커피
경기도 고양시 일산동구 숲속마을1로 71 . ,일산풍동점,메가커피
경기도 고양시 일산서구 원일로 117 ,일산보건소사거리점,메가커피
서울특별시 마포구 홍익로6길 48,홍대입구역점,메가커피
서울특별시 마포구 동교로 199 . ,동교삼거리점,메가커피
경기도 고양시 일산서구 산현로92번길 60 ,일산서구점,메가커피
서울특별시 마포구 월드컵북로6길 64,동교점,메가커피
"경기도 고양시 일산동구 중산로 117, 1층 108호(중산동, 성도빌딩) ",고양산들마을점,메가커피
충청남도 천안시 서북구 원두정8길 19 ,천안두정중앙점,메가커피
경기도 파주시 청석로 264,파주교하점,메가커피
경기도 용인시 수지구 정평로 34-2 (풍덕천동) 메가커피 ,수지신정마을점,메가커피
서울특별시 서대문구 수색로 34 1층 왼쪽(남가좌동) ,좌역점,메가커피
경기도 파주시 교하로 100,운정힐스테이트점,메가커피
경기도 용인시 기흥구 사은로84번길 5 (보라동) . ,보라해링턴점,메가커피
서울특별시 마포구 동교로 235-1 (연남동)1층 ,연남숲길점,메가커피
충청남도 천안시 서북구 미라2길 40 (쌍용동) . ,천안쌍용로데오점,메가커피
"충청남도 천안시 서북구 봉서5길 1, 1층 102호 ",천안쌍용점,메가커피
"서울특별시 마포구 마포대로 33 (도화동, 마포 한화 오벨리스크) ",마포오벨리스크점,메가커피
경기도 파주시 미래로 371 1층 109호 ,운정이마트점,메가커피
경기도 고양시 덕양구 향기로 56 ,고양향동점,메가커피
서울특별시 서대문구 신촌로 19,창천점,메가커피
서울특별시 서대문구 거북골로 184,재울북가좌초교점,메가커피
서울특별시 마포구 삼개로 19,마포도화점,메가커피
서울특별시 마포구 큰우물로  49,마포용강점,메가커피
경기도 성남시 분당구 판교대장로 92 (대장동) ,판교대장점,메가커피
경기도 용인시 기흥구 신구로12번길 21 . ,용인신갈점,메가커피
경기도 용인시 기흥구 사은로 130-8 . ,용인보라나곡점,메가커피
"경기도 파주시 와석순환로 72 101호(야당동, 홍원프라자) ",파주한빛마을점,메가커피
"서울특별시 마포구 백범로 102 102,103호(대흥동,원흥빌딩) ",대흥역점,메가커피
서울특별시 서대문구 신촌로 75 . ,신촌로터리점,메가커피
서울특별시 서초구 방배로 141,내방역점,메가커피
경기도 고양시 일산동구 고양대로 1034 ,식사은행마을점,메가커피
충청남도 천안시 서북구 성정두정로 12 ,천안성정점,메가커피
"경기도 용인시 기흥구 구갈로 70 108호(구갈동, 메가타운) ",기흥구청점,메가커피
서울특별시 서초구 동광로 75,함지박사거리점,메가커피
서울특별시 서대문구 연세로5가길 8-6 (창천동) 메가커피 ,신촌점,메가커피
서울특별시 서대문구 연세로 50 (신촌동) 메가커피 ,연세대공학원점,메가커피
서울특별시 마포구 새창로 10 1층일부(도화동) ,공덕오거리점,메가커피
경기도 고양시 일산동구 중산로 244 (중산동) 메가커피 ,일산중산마을점,메가커피
충청남도 천안시 서북구 봉정로 362 ,천안두정점,메가커피
서울특별시 서대문구 응암로 108 1층(북가좌동) ,북가좌점,메가커피
"경기도 용인시 기흥구 기흥역로 63 (구갈동, 힐스테이트 기흥) 메가커피 ",기흥역점,메가커피
경기도 용인시 수지구 풍덕천로 130 (풍덕천동)1층일부 ,수지구청역점,메가커피
경기도 고양시 일산서구 탄현로 136 . ,일산에듀포레점,메가커피
"서울특별시 마포구 백범로31길 8 (공덕동, 공덕SK리더스뷰) 메가커피 ",공덕sk리더스뷰점,메가커피
서울특별시 서대문구 신촌로 121 . ,신촌역점,메가커피
경기도 용인시 수지구 손곡로 107 ,수지동천중앙점,메가커피
경기도 고양시 덕양구 향기로 123 1층(향동동) ,고양향동중앙점,메가커피
서울특별시 마포구 대흥로20길 28,마포아트센터점,메가커피
경기도 용인시 기흥구 용구대로2394번길 2 ,구성점,메가커피
경기도 용인시 기흥구 새천년로26번길 2 ,신갈역점,메가커피
서울특별시 서대문구 연희로 98 (연희동) 메가커피 ,연희점,메가커피
"서울특별시 서대문구 가재울미래로 2 (남가좌동, DMC파크뷰자이) 메가커피 ",재울뉴타운점,메가커피
"경기도 고양시 덕양구 도래울로 16, 상가동 1층 112호(도내동, 도래울파크뷰(PARK VIEW)) ",고양도래울점,메가커피
서울특별시 서대문구 증가로 150,명지대점,메가커피
경기도 파주시 미래로 ,파주가람9단지점,메가커피
경기도 고양시 덕양구 고양대로1384번길 9 (성사동) 메가커피 ,신원당점,메가커피
충청남도 천안시 동남구 통정11로 49 105호(신방동) ,천안신방지구점,메가커피
서울특별시 용산구 이촌로 248 31동108호(이촌동) ,동부이촌점,메가커피
경기도 파주시 경의로 1090,파주야당역점,메가커피
서울특별시 용산구 새창로 108-1 1층(용문동) ,용문시장점,메가커피
경기도 용인시 수지구 문인로 57 (풍덕천동) 메가커피 ,용인풍덕천점,메가커피
서울특별시 마포구 만리재옛길 6,서울공덕초교점,메가커피
경기도 고양시 덕양구 호국로790번길 17 110(성사동영프라자) ,일산원당시장점,메가커피
경기도 안성시 공도읍 승두길 43-9 ,안성공도중앙점,메가커피
경기도 파주시 다율동 산 59-1 ,운정해오름마을점,메가커피
"경기도 고양시 일산동구 위시티로 67, 109동 110호(식사동, C.K메티컬프라자) ",일산식사지구점,메가커피
경기도 고양시 일산동구 위시티로 67 ,일산식사지구점,메가커피
경기도 파주시 송학1길 60,야당중앙점,메가커피
경기도 안성시 공도읍 만정리 779-4 1층102호 ,안성공도점,메가커피
서울특별시 은평구 응암로 174,은평대림시장점,메가커피
서울특별시 서대문구 이화여대길 24 (대현동) 메가커피 ,이대점,메가커피
서울특별시 용산구 한강대로 130-3,신용산역점,메가커피
경기도 파주시 청암로17번길 53 (목동동)1층 ,운정신도시1호점,메가커피
충청남도 천안시 동남구 대흥로 231 1층(대흥동) ,천안역점,메가커피
서울특별시 은평구 가좌로 318 1층 좌측(신사동) ,은평신사고개점,메가커피
"서울특별시 은평구 가좌로 269 (신사동, 다보빌딩) . ",새절역점,메가커피
경기도 파주시 와석순환로 425 1층 103호 ,운정해솔마을점,메가커피
경기도 용인시 기흥구 강남로 12 (구갈동) 메가커피 ,용인강남대점,메가커피
"서울특별시 마포구 마포대로 195 (아현동, 마포 래미안 푸르지오) 메가커피 ",애오개점,메가커피
경기도 고양시 덕양구 호국로 859 ,고양성사점,메가커피
서울특별시 서대문구 가좌로 146 . ,명지전문대점,메가커피
경기도 용인시 기흥구 보정로 32 . ,용인보정점,메가커피
경기도 고양시 덕양구 도래울로 103 (도내동) 메가커피 ,원흥중앙점,메가커피
경기도 용인시 수지구 신수로783번길 30 1층(동천동) ,수지동천점,메가커피
경기도 용인시 기흥구 구성로 103 (언남동) 메가커피 ,용인언남점,메가커피
충청남도 천안시 동남구 만남로 20 (신부동세계관광여행사)1층 ,천안터미널점,메가커피
서울특별시 은평구 응암로 243 (응암동) 메가커피 ,신응암시장점,메가커피
서울특별시 은평구 은평로 49 . ,응암역점,메가커피
서울특별시 은평구 갈현로 44 (신사동) 메가커피 ,은평신사점,메가커피
서울특별시 서초구 태봉로 70,서초우면점,메가커피
경기도 성남시 분당구 운중로 115 ,서판교점,메가커피
경기도 용인시 기흥구 죽전로 33 103호 ,죽전보정점,메가커피
서울특별시 서초구 서초대로 271 (서초동) 메가커피 ,서초법원점,메가커피
서울특별시 은평구 갈현로 88,은평역촌점,메가커피
경기도 용인시 수지구 용구대로2801번길 7 ,죽전벽산타운점,메가커피
서울특별시 서초구 서초중앙로 107,교대역점,메가커피
경기도 고양시 덕양구 삼원로 73 . ,원흥지식산업센터점,메가커피
경기도 파주시 미래로 622 107호(와동동) ,운정가람마을점,메가커피
서울특별시 용산구 한강대로 277-2 (갈월동) 메가커피 ,숙대입구역점,메가커피
"서울특별시 은평구 은평로 98, 104호(응암동, 송원하이본) ",응암이마트점,메가커피
서울특별시 은평구 연서로4길  2,역촌중앙점,메가커피
서울특별시 서초구 신반포로 200  지하 G-002호 ,반포고투몰점,메가커피
경기도 용인시 기흥구 마북로154번길 3 (마북동) 메가커피 ,용인마북점,메가커피
충청남도 천안시 동남구 청수14로 68 ,천안법조타운점,메가커피
"경기도 성남시 분당구 성남대로 38 1층 101호 (구미동, 케이앤에프코퍼레이션) ",오리역점,메가커피
경기도 용인시 수지구 대지로 46 1층 일부호(죽전동) ,죽전중앙점,메가커피
경기도 용인시 처인구 남사면 한숲로 45 136호(한숲시티) ,용인한숲시티점,메가커피
충청남도 천안시 동남구 청당4로 61 106호(청당동) ,천안청당점,메가커피
"서울특별시 중구 만리재로 175 (만리동2가, 서울역센트럴자이) 메가커피 ",서울만리점,메가커피
서울특별시 은평구 역말로 49 101호(역촌동파빌리안) ,역말사거리점,메가커피
"충청남도 천안시 동남구 충절로 200 (원성동, 대로약국) ",천안원성점,메가커피
경기도 파주시 가람로 ,파주운정가람점,메가커피
경기도 파주시 가람로116번길 37,파주와동점,메가커피
서울특별시 중구 중림로 10 . ,충정로역점,메가커피
서울특별시 은평구 서오릉로 201 1층(구산동) ,구산사거리점,메가커피
경기도 성남시 분당구 돌마로 68 (구미동) 메가커피 ,미금역점,메가커피
경기도 성남시 분당구 운중로 242 ,판교원마을점,메가커피
서울특별시 은평구 연서로 137 (구산동) 메가커피 ,구산역점,메가커피
서울특별시 용산구 한강대로 403,서울역점,메가커피
서울특별시 서초구 동산로 3,양재시민의숲점,메가커피
서울특별시 은평구 서오릉로 74 (대조동) 메가커피 ,역촌역점,메가커피
경기도 용인시 수지구 죽전로 150 ,죽전단대점,메가커피
경기도 성남시 분당구 정자일로 136 제씨103호(정자동정자역엠코헤리츠3단지) ,정자엠코점,메가커피
경기도 성남시 분당구 성남대로 331번길 13 ,정자역점,메가커피
서울특별시 은평구 은평로  217,녹번점,메가커피
경기도 파주시 탄현면 하늘소로 102 ,파주법흥리점,메가커피
서울특별시 서대문구 세무서길 6 1층 ,홍제역점,메가커피
서울특별시 서대문구 통일로 510 제상가동 108호 ,홍은사거리점,메가커피
경기도 용인시 수지구 현암로 139 (죽전동) 메가커피 ,용인죽전점,메가커피
"경기도 성남시 분당구 정자일로 230 (정자동, 동양정자파라곤) 메가커피 ",정자점,메가커피
서울특별시 은평구 진흥로 158 . ,불광시장점,메가커피
충청남도 천안시 동남구 각원사길 50 . ,천안안서점,메가커피
서울특별시 은평구 갈현로 260 1층 ,서울갈현초점,메가커피
서울특별시 서초구 마방로10길 34-2 제1층 제101호 ,양재삼호물산점,메가커피
서울특별시 서초구 서초대로77길 35,강남중앙점,메가커피
충청남도 천안시 동남구 문암로 68-1 . ,백석대점,메가커피
서울특별시 강남구 강남대로78길 12 . ,강남로데오점,메가커피
서울특별시 강남구 테헤란로 101 (역삼동이즈타워)지하상가E-35 ,강남역점,메가커피
서울특별시 은평구 통일로 855-15​,연신내역점,메가커피
경기도 용인시 기흥구 동백중앙로 177 ,동백역점,메가커피
서울특별시 강남구 강남대로 438,강남CGV점,메가커피
"서울특별시 서초구 사평대로55길 149 (반포동, 와이제이빌딩) . ",논현역점,메가커피
서울특별시 서대문구 홍은중앙로33 1층(홍은동),홍제홍은벽산점,메가커피
서울특별시 강남구 강남대로 480 1층 ,신논현역점,메가커피
서울특별시 서초구 강남대로 523,논현중앙점,메가커피
서울특별시 은평구 통일로 ,불광역점,메가커피
경기도 성남시 분당구 느티로69번길 8 1층(정자동) ,분당느티마을점,메가커피
경기도 용인시 기흥구 동백중앙로 283 D동125호(중동골드프라자) ,용인동백점,메가커피
서울특별시 강남구 개포로 221 1층(개포동) ,강남포이점,메가커피
경기도 성남시 분당구 불정로 134 (정자동) 메가커피 ,이마트분당점,메가커피
서울특별시 중구 명동8나길 51,명동중앙우체국점,메가커피
서울특별시 은평구 연서로 270-1 (불광동) 메가커피 ,불광연신점,메가커피
서울특별시 용산구 한남대로21길 33,한남오거리점,메가커피
서울특별시 종로구 새문안로5길 11-1 . ,광화문역점,메가커피
"경기도 성남시 분당구 백현로101번길 17, 1층 111호(수내동, 초림프라자) ",수내로데오점,메가커피
"서울특별시 서대문구 홍은중앙로 101-1, 1층(홍은동) ",포방터시장점,메가커피
"경기도 용인시 기흥구 구성3로 28번길 30 1층 106호 (청덕동, 구성프라자) ",용인물푸레마을점,메가커피
"서울특별시 중구 명동8가길 22 (충무로2가, 명동IB타워) . ",명동중앙점,메가커피
서울특별시 종로구 자하문로 11-1,경복궁역점,메가커피
서울특별시 중구 명동7길 21 . ,명동아르누보센텀점,메가커피
서울특별시 중구 다동길 34,서울시청점,메가커피
서울특별시 강남구 논현로76길 10 . ,역삼중앙점,메가커피
서울특별시 중구 남대문로 112,을지로입구역점,메가커피
서울특별시 은평구 불광로 130-1,독바위역점,메가커피
"서울특별시 종로구 종로 19 109-1호(종로1가, 르메이에르종로타운상가) ",종로르메이에르점,메가커피
경기도 성남시 분당구 황새울로258번길 32 ,수내역점,메가커피
경기도 고양시 덕양구 삼송로  94-22 ,고양삼송마을점,메가커피
경기도 성남시 분당구 내정로 172 104호 ,수내파크타운점,메가커피
경기도 고양시 덕양구 삼송로 8 (원흥동) 메가커피 ,원흥역점,메가커피
경기도 파주시 금빛로 24-10 (금천동센터프라자)105호 ,파주금릉점,메가커피
서울특별시 종로구 삼봉로 100 1층(공평동) ,종로공평점,메가커피
서울특별시 은평구 진관2로 29-21,구파발역점,메가커피
경기도 성남시 분당구 대왕판교로 670 유스페이스2 1층 117호 ,판교테크노밸리점,메가커피
경기도 고양시 덕양구 권율대로 885 (신원동) 메가커피 ,삼송신원마을점,메가커피
서울특별시 중구 퇴계로 195 메가커피(충무로역점) ,충무로역점,메가커피
서울특별시 종로구 종로 80-2,종각역점,메가커피
경기도 성남시 분당구 불정로 260 ,수내푸른마을점,메가커피
서울특별시 중구 마른내로 42-1,명보사거리점,메가커피
경기도 성남시 수정구 청계산로1길 27 . ,성남고등점,메가커피
"서울특별시 은평구 진관3로 21, 101동 117호 (진관동, 은평뉴타운엘크루) ",은평뉴타운점,메가커피
서울특별시 강남구 언주로 604,논현아크로힐스점,메가커피
서울특별시 강남구 압구정로28길 25 (신사동) 메가커피 ,압구정역점,메가커피
경기도 고양시 덕양구 통일로780번길 15 (관산동) 메가커피 ,고양관산점,메가커피
서울특별시 중구 서애로1길 ,동국대점,메가커피
경기도 고양시 덕양구 지축1로 73 . ,지축역점,메가커피
서울특별시 종로구 돈화문로 27,종로3가역점,메가커피
경기도 파주시 쇠재2길 4,파주경찰서점,메가커피
서울특별시 은평구 진관3로 67 . ,서울은빛초점,메가커피
경기도 용인시 처인구 명지로60번길 8-4 (역북동) 메가커피 ,용인역북점,메가커피
경기도 성남시 분당구 서현로180번길 13 ,분당제생병원점,메가커피
서울특별시 종로구 계동 104-1 메가커피 ,안국점,메가커피
경기도 파주시 번영로 1 (금촌동) 메가커피 ,금촌로터리점,메가커피
경기도 성남시 분당구 황새울로360번길 26 (서현동) 메가커피 ,서현역점,메가커피
서울특별시 강남구 도곡로 ,한티역점,메가커피
경기도 성남시 분당구 판교로 375 ,판교봇들마을점,메가커피
서울특별시 강남구 역삼로 416 1층 ,대치중앙점,메가커피
서울특별시 강남구 선릉로86길 16,선릉점,메가커피
서울특별시 강남구 학동로 342,강남구청역점,메가커피
서울특별시 중구 다산로 124 . ,약수역점,메가커피
"서울특별시 종로구 청계천로 203-1, 1층 (예지동) ",광장시장남2문점,메가커피
경기도 성남시 분당구 중앙공원로40번길 42 . ,분당시범단지점,메가커피
경기도 파주시 시청로 25,파주시청점,메가커피
서울특별시 종로구 청계천로 203-1,광장시장남2문점,메가커피
서울특별시 성동구 장터길 30 (금호동4가) 메가커피 ,금호역점,메가커피
서울특별시 강남구 도곡로77길 6 102호(대치동) ,대치학원가점,메가커피
경기도 성남시 분당구 불정로 379 ,분당효자점,메가커피
서울특별시 강남구 삼성로 155 (대치동) 메가커피 ,대치역점,메가커피
서울특별시 중구 다산로 162 (신당동) 메가커피 ,청구역점,메가커피
"서울특별시 중구 다산로 162, 1층 101호(신당동, 약수빌딩) ",청구역점,메가커피
경기도 성남시 분당구 이매로 54 분산상가동 102호 ,이매역점,메가커피
"서울특별시 강남구 개포로82길 13-9 1층 101,102호(개포동, 세종빌딩) ",개포동역점,메가커피
경기도 파주시 초롱꽃로 133-3 . ,파주초롱꽃마을점,메가커피
서울특별시 강남구 학동로 68길 7 . ,강남구청점,메가커피
경기도 성남시 분당구 불정로376번길 37 ,분당장안타운점,메가커피
서울특별시 강남구 삼성로 349,대치사거리점,메가커피
경기도 용인시 처인구 이동읍 백옥대로 625 ,용인천리점,메가커피
경기도 파주시 중앙로 330 (금촌동) 메가커피 ,금촌역점,메가커피
경기도 성남시 분당구 판교로 442 (이매동) 메가커피 ,분당아름마을점,메가커피
서울특별시 강남구 봉은사로 478,삼성중앙역점,메가커피
경기도 파주시 조리읍 봉천로 34 (봉일천리실로암안경)1층 ,파주봉일천점,메가커피
서울특별시 종로구 종로 ,종로점,메가커피
"서울특별시 성동구 금호산길 71, 1층 ",신금호역점,메가커피
서울특별시 성동구 독서당로 329,금호사거리점,메가커피
서울특별시 종로구 종로 266,동대문종합시장점,메가커피
서울특별시 종로구 대학로 79-1 (연건동) ,대학로마로니에공원점,메가커피
"서울특별시 강남구 영동대로85길 28 (대치동, 성원타워Ⅰ) ",삼성중앙점,메가커피
서울특별시 종로구 창경궁로 239,성균관대입구점,메가커피
서울특별시 성동구 행당로5길 2 . ,논골사거리점,메가커피
서울특별시 중구 마장로1길 28-25 1층 12호(신당동) ,동대문동평화점,메가커피
경기도 성남시 분당구 야탑로69번길 21 (야탑동영진다이비스상가) ,야탑점,메가커피
경기도 광주시 오포읍 신현리 696-6 메가커피 ,광주신현점,메가커피
경기도 고양시 덕양구 통일로 1270 1270 ,고양내유점,메가커피
경기도 용인시 처인구 김량장동 295-1 1층 ,용인처인구청점,메가커피
서울특별시 종로구 대학로 144,대학로중앙점,메가커피
경기도 성남시 분당구 성남대로925번길 16 (야탑동) 메가커피 ,성남버스터미널점,메가커피
서울특별시 강남구 영동대로  22,디에이치자이개포점,메가커피
서울특별시 중구 퇴계로 434-1 (신당동) 메가커피 ,신당역점,메가커피
"경기도 성남시 분당구 성남대로926번길 6 (야탑동, 야탑 대덕프라자) . ",야탑역1번출구점,메가커피
서울특별시 중구 청계천로 370,청계천점,메가커피
서울특별시 종로구 지봉로 52 1층(숭인동) ,동묘숭인점,메가커피
서울특별시 성동구 행당로 105 (행당동) 메가커피 ,행당역점,메가커피
서울특별시 강남구 헌릉로569길 13,강남세곡점,메가커피
경기도 성남시 분당구 매화로 46 (야탑동) 메가커피 ,야탑중앙점,메가커피
서울특별시 성동구 왕십리로 410,황학사거리점,메가커피
서울특별시 중구 청계천로 400,황학롯데캐슬점,메가커피
세종특별자치시 나성북1로 12 ,세종나성점,메가커피
경기도 성남시 중원구 여수울로15번길 4-2 ,성남센트럴타운점,메가커피
서울특별시 종로구 종로 377,종로숭인점,메가커피
서울특별시 성북구 동소문동 1가 27 1층 ,한성대입구역점,메가커피
"서울특별시 성동구 왕십리로 94-1, 1층(성수동1가) ",서울숲역점,메가커피
"경기도 성남시 분당구 벌말로 40번길 3, 1층 (야탑동, 성산빌딩) ",분당중탑점,메가커피
서울특별시 성동구 왕십리로 336 1층 101호(도선동) ,왕십리렉스점,메가커피
"서울특별시 성동구 성수일로 39 1층(성수동1가, 경동빌딩) ",성수일로점,메가커피
서울특별시 동대문구 왕산로 3 (신설동) 메가커피 ,신설동점,메가커피
서울특별시 성동구 상원길 38-1 메가커피(뚝섬역점) ,뚝섬역점,메가커피
경기도 성남시 중원구 광명로 4 ,모란역점,메가커피
경기도 성남시 중원구 광명로 124 (성남동) 메가커피 ,수진역점,메가커피
"경기도 성남시 분당구 야탑로 243 (야탑동, 부건프라자) ",분당목련마을점,메가커피
경기도 성남시 수정구 산성대로 93번길 25 ,성남대로점,메가커피
서울특별시 성동구 마조로1길 42 (행당동)1층(행당동) ,왕십리점,메가커피
서울특별시 성동구 고산자로 293,도선사거리점,메가커피
서울특별시 성북구 성북로4길 52,돈암한신점,메가커피
"서울특별시 성북구 보문로 161 1층(삼선동5가, 대명빌딩) ",성북구청점,메가커피
서울특별시 성북구 보문로 ,보문역점,메가커피
경기도 성남시 수정구 수정로 71 1층2호(태평동평화빌딩) ,태평역점,메가커피
경기도 성남시 분당구 판교로 700 . ,분당테크노파크점,메가커피
서울특별시 성동구 아차산로 113 (성수동2가) 메가커피 ,성수역점,메가커피
경기도 성남시 중원구 제일로35번길 1 (성남동) ,성남중원구청점,메가커피
서울특별시 송파구 백제고분로 198,삼전역점,메가커피
서울특별시 성북구 동소문로22길 47 1층 (동선동1가) ,성신여대점,메가커피
서울특별시 성북구 아리랑로 14 1층 ,동소문점,메가커피
서울특별시 송파구 백제고분로7길  58,잠실새내역점,메가커피
서울특별시 송파구 삼전로13길 22 . ,잠실트리지움점,메가커피
서울특별시 성동구 마장로 301,마장역점,메가커피
경기도 고양시 덕양구 혜음로 37 ,일산고양점,메가커피
"서울특별시 광진구 능동로 49, 1층 101-102호(자양동,영지빌딩) ",신양초사거리점,메가커피
서울특별시 성북구 아리랑로19가길  4 ,정릉역점,메가커피
경기도 성남시 중원구 도촌남로 27 ,성남도촌점,메가커피
서울특별시 송파구 석촌호수로 140 잠실레이크타워1층 ,잠실레이크팰리스점,메가커피
서울특별시 광진구 아차산로 224,건대입구역점,메가커피
서울특별시 성북구 보국문로 36 (정릉동) 메가커피 ,정릉시장점,메가커피
서울특별시 성북구 북악산로 850 (정릉동) 메가커피 ,정릉아리랑점,메가커피
서울특별시 성북구 고려대로27길 15 (안암동5가)1층 ,고대점,메가커피
"서울특별시 성북구 보국문로 167 제8호, 제9호(산장아파트) ",북한산정릉점,메가커피
"서울특별시 송파구 백제고분로 279 1층(석촌동, 송파동산빌딩) ",석촌고분역점,메가커피
서울특별시 광진구 뚝섬로 596,신자초사거리점,메가커피
경기도 안성시 아양1로 ,안성아양점,메가커피
경기도 성남시 수정구 수정로 176 1층(신흥동) ,성남의료원점,메가커피
서울특별시 송파구 석촌호수로 188,석촌호수점,메가커피
"서울특별시 성북구 정릉로 307, 지하1층 ",정릉뉴타운점,메가커피
경기도 파주시 월롱면 엘씨디로241번길 8-25 ,파주LCD점,메가커피
서울특별시 광진구 능동로 121 . ,건대스타점,메가커피
서울특별시 성동구 용답중앙15길 12 1층(용답동) ,답십리로데오점,메가커피
경기도 성남시 중원구 둔촌대로 277 (하대원동) ,성남하대원점,메가커피
경기도 고양시 덕양구 푸른마을로 30 ,고양푸른마을점,메가커피
서울특별시 성동구 광나루로 337,화양사거리점,메가커피
"서울특별시 동대문구 서울시립대로 31, 1층 (전농동) ",전농동아점,메가커피
경기도 파주시 탄현면 방촌로 1041 ,파주금승리점,메가커피
경기도 용인시 처인구 포곡읍 포곡로 114 메가커피 ,용인둔전점,메가커피
경기도 용인시 처인구 포곡읍 전대로78번길 22-1 ,용인에버랜드역점,메가커피
"서울특별시 성북구 길음로 33 (길음동, 길음뉴타운) 메가커피 ",길음뉴타운점,메가커피
서울특별시 동대문구 안암로 158-1 1층13 ,고대정문점,메가커피
서울특별시 송파구 법원로11길 25 (문정동에이치비지니스파크)B-108 ,에이치비지니스파크점,메가커피
"서울특별시 송파구 송파대로 345, 주상가 1A동 1034, 1035호(가락동, 헬리오시티) ",송파역점,메가커피
경기도 성남시 중원구 시민로 66 . ,성남제일초교점,메가커피
서울특별시 송파구 양재대로  932 ,락몰점,메가커피
경기도 성남시 수정구 산성대로 267 ,신흥역점,메가커피
서울특별시 광진구 자양로 49 . ,잠실대교북단점,메가커피
경기도 안성시 대천동 70-3 메가커피 ,안성명동점,메가커피
서울특별시 광진구 자양로15길 18 (자양동) 메가커피 ,자양시장점,메가커피
서울특별시 동대문구 전농로 35 (답십리동) . ,답십리초점,메가커피
서울특별시 송파구 문정동 652-5 32-2호 ,문정아이파크점,메가커피
서울특별시 송파구 올림픽로 265 잠실역 지하도상가B-18-20호 ,잠실지하상가점,메가커피
서울특별시 송파구 송파대로 474 . ,석촌호수사거리점,메가커피
서울특별시 송파구 백제고분로41길 6 (송파동) 메가MGC커피(석촌점) ,석촌점,메가커피
서울특별시 동대문구 왕산로 225 (청량리동) 메가커피 ,청량리역점,메가커피
서울특별시 송파구 충민로2길 28,송파파인타운점,메가커피
"서울특별시 송파구 송파대로 201 A동 132호 (문정동, 송파 테라타워2) ",문정테라타워점,메가커피
서울특별시 송파구 올림픽로35길 104,잠실장미점,메가커피
서울특별시 동대문구 답십리로 154 . ,답십리사거리점,메가커피
서울특별시 송파구 가락로 ,송파한양점,메가커피
"서울특별시 성북구 종암로 98 1,2,3층 ",종암점,메가커피
서울특별시 성북구 종암로27길 13,종암사거리점,메가커피
서울특별시 강북구 삼양로19길 74 . ,미아삼각산점,메가커피
경기도 성남시 수정구 위례서일로 30 (창곡동) 메가커피 ,위례우남역점,메가커피
서울특별시 송파구 중대로9길 21 (가락동) 메가커피 ,락시장역점,메가커피
서울특별시 강북구 솔샘로 213-2 (미아동) 메가커피 ,삼양점,메가커피
서울특별시 성북구 종암로 167,월곡이마트점,메가커피
서울특별시 성북구 동소문로 309,미아현대점,메가커피
서울특별시 광진구 아차산로55길 11,구의역점,메가커피
서울특별시 광진구 자양로 170 (구의동) ,구의중앙점,메가커피
서울특별시 동대문구 전농로 135,전농동사거리점,메가커피
서울특별시 송파구 새말로 134,문정중앙점,메가커피
서울특별시 강북구 숭인로 39,미아영훈초점,메가커피
서울특별시 송파구 올림픽로37길 ,잠실나루역점,메가커피
서울특별시 동대문구 장한로 58,장안중앙점,메가커피
서울특별시 강북구 솔샘로 251,삼양사거리점,메가커피
"서울특별시 동대문구 전농로 222 (전농동, 씨티빌라트) 메가커피 ",서울시립대점,메가커피
서울특별시 성북구 오패산로3길 3,하월곡동점,메가커피
서울특별시 송파구 중대로12길 35,문정로데오점,메가커피
경기도 성남시 수정구 수정로 356 (산성동) 메가커피 ,산성역점,메가커피
서울특별시 광진구 능동로 294,군자역점,메가커피
서울특별시 강북구 삼양로54길 3 1층(미아동) ,삼양시장점,메가커피
서울특별시 송파구 백제고분로 464,송파나루역점,메가커피
서울특별시 동대문구 답십리로 233 1층(답십리동) ,촬영소사거리점,메가커피
"서울특별시 강북구 솔샘로 315, 1층(미아동, 대오빌딩) ",미아솔샘점,메가커피
경기도 성남시 수정구 위례동로 153 (창곡동) 메가커피 ,위례호반점,메가커피
충청남도 부여군 부여읍 사비로 104 메가커피 ,부여터미널점,메가커피
서울특별시 강북구 도봉로10길 38 1층(미아동) ,미아롯데점,메가커피
경기도 성남시 중원구 자혜로16번길 63 (금광동) 메가커피 ,단대오거리역점,메가커피
서울특별시 성북구 화랑로5길 91 (하월곡동) 메가커피 ,월곡두산점,메가커피
"경기도 성남시 중원구 금상로 59, 1층 일부호(금광동) ",성남상대원점,메가커피
경기도 성남시 수정구 위례광장로 310 ,위례신도시점,메가커피
서울특별시 성북구 오패산로 98 . ,월곡점,메가커피
서울특별시 동대문구 장한로 116 (장안동) 메가커피 ,장안점,메가커피
서울특별시 성북구 화랑로13길 7 (하월곡동) 메가커피 ,월곡역점,메가커피
서울특별시 동대문구 경희대로 18 (회기동) 메가커피 ,경희대점,메가커피
서울특별시 광진구 능동로 338-1,중곡중앙점,메가커피
서울특별시 강북구 삼양로 308,수유중앙점,메가커피
서울특별시 동대문구 회기로 194 1층(휘경동) ,회기역점,메가커피
서울특별시 송파구 위례광장로 270 1층 지120호 ,위례와이즈더샵점,메가커피
서울특별시 동대문구 한천로 189,배봉사거리점,메가커피
서울특별시 강북구 덕릉로 30 1층 1호(수유동) ,화계역점,메가커피
서울특별시 송파구 오금로 306,오금역점,메가커피
"서울특별시 송파구 동남로 209 1층 102, 103호(가락동) ",락중앙점,메가커피
서울특별시 강북구 솔매로45길 95 (미아동) 메가커피 ,미아수유시장점,메가커피
서울특별시 동대문구 장한로 165,장안동사거리점,메가커피
서울특별시 광진구 자양로43길 47 (중곡동) 메가커피 ,아차산역점,메가커피
서울특별시 강북구 도봉로 201-2 ,미아역점,메가커피
경기도 성남시 중원구 산성대로 454 (금광동) 메가커피 ,남한산성입구역점,메가커피
경기도 성남시 중원구 금상로 110 (상대원동) . ,성남중원점,메가커피
서울특별시 송파구 마천로 23 (방이동) . ,방이역점,메가커피
서울특별시 광진구 아차산로 537-17,광장점,메가커피
서울특별시 송파구 위례송파로 80 . ,송파레이크파크점,메가커피
서울특별시 동대문구 망우로 78 . ,삼육서울병원점,메가커피
서울특별시 동대문구 사가정로25길 29,휘경주공점,메가커피
서울특별시 광진구 영화사로 1,중곡사거리점,메가커피
서울특별시 광진구 능동로 403-1 1층(중곡동) ,중곡역점,메가커피
경기도 파주시 광탄면 혜음로 1127 메가커피 ,파주광탄점,메가커피
서울특별시 성북구 장위로 56 (장위동) 메가커피 ,장위점,메가커피
서울특별시 강북구 삼양로 423,오리역점,메가커피
경기도 하남시 위례대로 220,위례지웰점,메가커피
서울특별시 송파구 마천로 84 1층 101호(오금동) ,방이오금점,메가커피
경기도 성남시 수정구 산성대로 525 1층 ,성남을지대점,메가커피
서울특별시 동대문구 휘경로 24 1층(이문동) ,외대앞역점,메가커피
서울특별시 송파구 토성로 59,서울풍납점,메가커피
경기도 양주시 장흥면 호국로 173 ,양주장흥점,메가커피
서울특별시 강북구 오패산로 413,수유역점,메가커피
"서울특별시 송파구 오금로 504 1층 점포코너(거여동, 하나메디칼크리닉BD) ",거여역점,메가커피
경기도 남양주시 다산순환로 166 메가커피(다산신화타워점) ,다산신화타워점,메가커피
서울특별시 강북구 한천로 1130 . ,강북우이시장점,메가커피
"서울특별시 송파구 동남로 312,  102호(오금동, 더뷰21) ",송파오금사거리점,메가커피
경기도 하남시 위례학암로 17,하남학암점,메가커피
서울특별시 강북구 삼양로 510 (수유동) 메가커피 ,419사거리점,메가커피
서울특별시 중랑구 면목로 250,용마산역점,메가커피
서울특별시 성북구 돌곶이로40길 46 . ,장위뉴타운점,메가커피
서울특별시 강북구 삼양로149길 75 . ,우이동점,메가커피
서울특별시 강북구 한천로 981 . ,강북북부시장점,메가커피
서울특별시 성북구 돌곶이로 220 상가104동 107호 ,북서울꿈의숲점,메가커피
서울특별시 강동구 성내로 11,강동구청점,메가커피
서울특별시 강북구 도봉로 379 (수유동) 메가커피 ,수유점,메가커피
서울특별시 강북구 한천로 1059-1 (수유동) 메가커피 ,강북시장점,메가커피
서울특별시 성북구 돌곶이로 27 (석관동) 메가커피 ,석관점,메가커피
서울특별시 중랑구 동일로 612 (면목동) 메가커피 ,면목중앙점,메가커피
서울특별시 성북구 돌곶이로 66 1층 ,돌곶이역점,메가커피
서울특별시 강북구 한천로109가길 ,강북번동점,메가커피
서울특별시 강동구 성안로 9,올림픽공원북문점,메가커피
서울특별시 성북구 월계로40길 7 메가커피(번동중앙점) ,번동중앙점,메가커피
서울특별시 중랑구 봉우재로 41,동부시장점,메가커피
서울특별시 송파구 마천로57길 3,마천역점,메가커피
"서울특별시 중랑구 망우로 203 (중화동, 중화동주상복합) 메가커피 ",중랑역점,메가커피
서울특별시 중랑구 면목로 316 (면목동) 메가커피 ,사가정역점,메가커피
서울특별시 도봉구 우이천로4길 31(창동) 메가커피 ,창동신창점,메가커피
서울특별시 강동구 천호대로 997 1층107호(천호동신라빌딩) ,천호역점,메가커피
서울특별시 도봉구 덕릉로 238 (창동) 메가커피 ,신창시장점,메가커피
서울특별시 중랑구 면목로 356 1층(면목동) ,면목면동초점,메가커피
서울특별시 도봉구 도봉로 457 (쌍문동) 메가커피 ,쌍문점,메가커피
"서울특별시 강동구 천호대로 157길 23, 1층(천호동) ",천호로데오점,메가커피
"서울특별시 강동구 양재대로 1355 1층 5호(성내동,오스카빌딩) ",둔촌동역점,메가커피
서울특별시 중랑구 용마산로 337 . ,면목동점,메가커피
서울특별시 중랑구 면목로 418,면목역점,메가커피
서울특별시 노원구 화랑로 337,석계역점,메가커피
서울특별시 도봉구 덕릉로63가길 17,창동대우점,메가커피
서울특별시 도봉구 도봉로 492,쌍문역점,메가커피
서울특별시 강동구 올림픽로 715 (천호동) 메가커피 ,천호공원점,메가커피
서울특별시 노원구 석계로 103 (월계동) 메가커피 ,광운대역점,메가커피
서울특별시 노원구 초안산로5길 12 . ,월계프라자점,메가커피
서울특별시 중랑구 동일로 806 (중화동) 메가커피 ,중화역점,메가커피
경기도 광주시  오포읍 태성1로 14 . ,오포더샵점,메가커피
"서울특별시 도봉구 해등로 255, 101동 107호 ",쌍문선덕점,메가커피
서울특별시 강동구 천호대로 1107,강동역점,메가커피
서울특별시 중랑구 망우로 304-1 (상봉동) 메가커피 ,상봉역점,메가커피
경기도 하남시 감일백제로180번길 9 (감이동) . ,하남감일중앙점,메가커피
"경기도 하남시 신우실로 67, 1층 (감일동) ",하남감일지구점,메가커피
서울특별시 중랑구 용마산로 408 (면목동) 메가커피 ,서일대점,메가커피
경기도 용인시 처인구 양지면 양지로 158-1 ,용인양지점,메가커피
서울특별시 중랑구 동일로 887,먹골중앙점,메가커피
경기도 광주시 태봉로 110 상가동 지2층 106호 ,광주태전아이파크점,메가커피
"경기도 광주시 태봉로 110 (태전동, 태전아이파크) 메가커피 ",광주태전아이파크점,메가커피
서울특별시 강동구 올림픽로 783 (암사동) 메가커피 ,암사역점,메가커피
서울특별시 강동구 구천면로 305 (천호동) 메가커피 ,천호초교사거리점,메가커피
서울특별시 강동구 상암로 54 270 ,암사브라운스톤점,메가커피
충청남도 공주시 공주대학로 81,공주대점,메가커피
서울특별시 강동구 양재대로 1465 (길동) 메가커피 ,길동역점,메가커피
서울특별시 도봉구 방학로 192 (방학동) . ,방학점,메가커피
서울특별시 중랑구 동일로 932 1층2-107호(묵동자이2단지상가) ,먹골역점,메가커피
서울특별시 도봉구 도당로 14 1층(문동다보빌딩) ,쌍문세라믹점,메가커피
경기도 파주시 파주읍 우계로 65 ,파주주내삼거리점,메가커피
서울특별시 노원구 동일로 986 . ,태릉입구역점,메가커피
서울특별시 강동구 천호대로 1200,둔촌고사거리점,메가커피
서울특별시 도봉구 해등로16길 32 1층(창동) ,창동어울림점,메가커피
"서울특별시 도봉구 노해로65길 11, 1층 101, 102호(창동, 한성빌딩) ",창동이마트점,메가커피
서울특별시 노원구 동일로 1026 . ,공릉도깨비시장점,메가커피
서울특별시 중랑구 망우로 385,망우역점,메가커피
"서울특별시 중랑구 공릉로 70, 1층(목동, 야전카센타) ",중랑묵동점,메가커피
경기도 광주시 고불로 51 1층(장지동) ,광주태전점,메가커피
경기도 파주시 광탄면 부흥로 118 ,파주방축사거리점,메가커피
경기도 파주시 광탄면 부흥로 118 ,서면3호점,메가커피
서울특별시 강동구 명일로 210,길동초점,메가커피
서울특별시 도봉구 도당로 81 (방학동) 메가커피 ,방학도깨비시장점,메가커피
서울특별시 도봉구 마들로11가길 13 (창동) 메가커피 ,창동역점,메가커피
경기도 파주시 문산읍 당동1로 43 103호 ,파주당동점,메가커피
서울특별시 노원구 동일로192길 30 1층(공릉동) ,공릉역점,메가커피
서울특별시 노원구 공릉로 137,공릉중앙점,메가커피
서울특별시 강동구 고덕로 95 (암사동) 메가커피 ,암사점,메가커피
"서울특별시 강동구 양재대로 1566 1층(명일동, 죽애빌딩) ",굽은다리역점,메가커피
경기도 파주시 문산읍 문향로67번길 2 메가커피 ,파주문산점,메가커피
"서울특별시 노원구 동일로203가길 29, 1층 173, 174호 ",중계브라운스톤점,메가커피
서울특별시 중랑구 신내로 82 (신내동) 메가커피 ,중랑구청점,메가커피
경기도 파주시 파주읍 술이홀로 447 ,파주연풍삼거리점,메가커피
서울특별시 노원구 공릉로 324-2,노원을지병원점,메가커피
서울특별시 노원구 공릉로 324-10 지층 비 101호(하계동) ,수유사거리점,메가커피
서울특별시 노원구 공릉로 46길 3 ,원자력병원점,메가커피
서울특별시 노원구 동일로204가길 34 . ,중계씨앤미점,메가커피
서울특별시 강동구 양재대로 1641,명일역점,메가커피
서울특별시 노원구 노원로1길 9 103호(공릉동) ,화랑대역점,메가커피
서울특별시 중랑구 신내로 225,봉화산역점,메가커피
서울특별시 도봉구 도봉로150길 40 (방학동) 메가커피 ,방학역점,메가커피
서울특별시 도봉구 도봉로 727,신도봉시장점,메가커피
서울특별시 노원구 노해로 459 (상계동) 메가커피 ,노원역점,메가커피
"서울특별시 노원구 동일로 1356 (상계동, 상계주공4단지아파트) 메가커피 ",상계백병원점,메가커피
"경기도 파주시 문산읍 당동2로 11-5, 1층 ",파주당동중앙점,메가커피
서울특별시 노원구 화랑로51길 24 . ,서울여대점,메가커피
경기도 광주시 오포읍 양벌로 195-5 메가커피 ,광주오포점,메가커피
서울특별시 중랑구 봉화산로 301,양원지구점,메가커피
서울특별시 노원구 상계로3길 16 (상계동) 메가커피 ,노원로데오점,메가커피
서울특별시 노원구 노해로 509 1층(상계동) ,노원중앙점,메가커피
서울특별시 강동구 아리수로50길 50,고덕래미안점,메가커피
서울특별시 도봉구 도봉로 817,도봉역점,메가커피
서울특별시 노원구 동일로 1541,마들역점,메가커피
서울특별시 강동구 동남로75길 13-15 (명일동) 메가커피 ,고덕역점,메가커피
서울특별시 노원구 덕릉로73길 15 . ,중계중앙점,메가커피
"서울특별시 중랑구 용마산로 498, 1층(망우동) ",우림시장점,메가커피
서울특별시 노원구 노원로38길 76 . ,노원포레나점,메가커피
경기도 광주시 역동로 111 (역동) . ,경기광주역점,메가커피
서울특별시 도봉구 도봉로181길 30 1층(도봉동) ,도봉중앙점,메가커피
서울특별시 노원구 중계동 366-9  스카이타워 105호 ,은행사거리점,메가커피
"서울특별시 노원구 상계로27길 12 (상계동, 경인빌딩) ",상계중앙시장점,메가커피
서울특별시 노원구 동일로 1651,수락중앙점,메가커피
"서울특별시 노원구 한글비석로 464, 1층 좌측호(상계동) ",상계보람점,메가커피
경기도 광주시 이배재로 120 (회덕동) 메가커피 ,광주회덕점,메가커피
서울특별시 노원구 중계로14길 29,중계본동점,메가커피
서울특별시 노원구 덕릉로83길 18 (중계동) 메가커피 ,상계역점,메가커피
경기도 구리시 장자대로 82 (수택동) 메가커피 ,구리장자호수점,메가커피
서울특별시 노원구 동일로 1700,수락산역점,메가커피
"경기도 남양주시 다산중앙로145번길 15 1층 102호 (다산동, 신해센트럴타워Ⅱ) ",다산역점,메가커피
서울특별시 강동구 고덕로79길 29,고덕그라시움점,메가커피
서울특별시 강동구 상일로 55,상일고덕점,메가커피
경기도 광주시 중앙로 94 1층(역동) ,광주경안점,메가커피
경기도 구리시 체육관로80번길 41 (수택동) 메가커피 ,구리수택점,메가커피
경기도 구리시 경춘로 164 . ,구리한양대병원점,메가커피
"경기도 구리시 경춘북로 252 (갈매동, 갈매역아이파크) 메가커피 ",구리갈매점,메가커피
경기도 구리시 동구릉로85번길 30,구리아름마을점,메가커피
경기도 구리시 검배로6번길  3,구리돌다리점,메가커피
경기도 구리시 검배로 55 (수택동) ,구리수택중앙점,메가커피
경기도 구리시 건원대로34번길 17 (인창동금영빌딩) ,구리역점,메가커피
경기도 구리시 갈매순환로 194,갈매한라비발디점,메가커피
경기도 구리시 갈매순환로 15,갈매더샵점,메가커피
경기도 구리시 갈매중앙로55번길  6-4 ,갈매초점,메가커피
경기도 구리시 건원대로 95 1층104호 ,구리인창점,메가커피
경기도 광주시 경충대로1422번길  10 ,경기광주쌍령점,메가커피
서울특별시 강동구 아리수로93길 9,강일리버파크점,메가커피
서울특별시 강동구 아리수로93나길 38 1층(강일동) ,강일2지구점,메가커피
경기도 의정부시 평화로 209 (호원동)104호(보광그랑베르아파트상가) ,의정부망월사점,메가커피
경기도 파주시 법원읍 술이홀로 876 ,파주법원사거리점,메가커피
경기도 하남시 신장로 139 (덕풍동) 메가커피 ,하남신장점,메가커피
"경기도 남양주시 경춘로 368 116호(다산동, 브릭스타워) ",다산가운마을점,메가커피
"경기도 의정부시 범골로63번길 13 113동 117호(의정부동, 의정부 롯데캐슬 골드파크 1단지) ",의정부롯데캐슬점,메가커피
경기도 하남시 미사강변한강로 270-1 201동1층1-213호(망월동미사강변호반써밋) ,미사로데오점,메가커피
경기도 하남시 미사강변대로 90 (풍산동) 메가커피 ,미사강변점,메가커피
경기도 하남시 미사강변중앙로 219 메가커피 ,미사중앙점,메가커피
경기도 하남시 신평로 76-1,하남시청역점,메가커피
경기도 광주시 초월읍 현산로 81 메가커피 ,경기광주도평점,메가커피
"경기도 하남시 미사강변동로 95 1층, 1031호 ",미사역점,메가커피
경기도 의정부시 외미로 95 . ,회룡역점,메가커피
경기도 남양주시 별내중앙로 59 105호(별내동예스프라자프라이드) ,별내로데오점,메가커피
경기도 남양주시 다산순환로 126,다산진건점,메가커피
"경기도 남양주시 별내중앙로 26 1층 116호, 117호 (별내동) ",별내역점,메가커피
"경기도 남양주시 도농로 24 (다산동, 부영애시앙) 메가커피 ",도농애시앙점,메가커피
경기도 의정부시 평화로 374 상가동 지상1층 110호 ,회룡중앙점,메가커피
경기도 하남시 미사강변대로226번안길 25 (디럭스프라자)111호 ,하남미사점,메가커피
경기도 남양주시 덕송2로10번길 30 (별내동) 메가커피 ,별내북부점,메가커피
경기도 의정부시 회룡로 178 112호(장암동발곡프라자) ,의정부발곡점,메가커피
"경기도 의정부시 시민로 39, 1층 103호(의정부동, 대정프라자) ",의정부시청점,메가커피
경기도 남양주시 다산중앙로 113 102호(다산동라페온빌) ,다산중앙점,메가커피
세종특별자치시 조치원읍 행복길 25,조치원침산점,메가커피
경기도 의정부시 신흥로 134,범골역점,메가커피
경기도 의정부시 경의로 107,의정부경의교차로점,메가커피
경기도 남양주시 다산지금로 136 . ,다산지금지구점,메가커피
경기도 남양주시 별내5로5번길 5 (별내동) 메가커피 ,별내중앙점,메가커피
경기도 의정부시 시민로 75 가동 지상1층(의정부동) ,의정부역점,메가커피
"경기도 남양주시 순화궁로 349 101호 (별재동, 삼광프라자) ",별내카페거리점,메가커피
경기도 남양주시 다산순환로 350 (다산동) 메가커피 ,다산KB골든타워점,메가커피
경기도 이천시 마장면 중앙로10번길 1 메가커피 ,이천마장점,메가커피
경기도 남양주시 다산중앙로171번길 32 . ,다산하늘초점,메가커피
경기도 남양주시 다산지금로16번길 43,남양주2청사점,메가커피
세종특별자치시 조치원읍 조치원로  6-1 메가커피 ,조치원역점,메가커피
경기도 양주시 백석읍 양주산성로 561 메가커피 ,양주백석점,메가커피
세종특별자치시 보듬3로 92 ,세종아름점,메가커피
경기도 의정부시 태평로73번길 50 지상1층(의정부동) ,의정부중앙점,메가커피
경기도 의정부시 신촌로 19,의정부가능SK점,메가커피
경기도 의정부시 동일로454번길 19 (신곡동) ,의정부신곡중앙점,메가커피
경기도 남양주시 다산중앙로82번길 87-17 . ,다산센트럴파크점,메가커피
경기도 의정부시 발곡로 29 1층 (신곡동) ,의정부신곡점,메가커피
경기도 의정부시 행복로 19 1층(의정부동) ,의정부로데오점,메가커피
"경기도 광주시 곤지암읍 평촌길 31-10, 108호 ",곤지암점,메가커피
세종특별자치시 도움1로 106 ,세종종촌점,메가커피
경기도 의정부시 비우로 57,의정부녹양점,메가커피
경기도 의정부시 평화로 632 (의정부동) 메가커피 ,능역점,메가커피
경기도 남양주시 퇴계원읍 퇴계원로 60  메가커피 ,퇴계원점,메가커피
경기도 양주시 부흥로 2148 1층 ,양주성우점,메가커피
"세종특별자치시 보듬4로 9 상가1동 1F-55,56호 (도담동, 카림애비뉴) ",세종도담점,메가커피
세종특별자치시 다정중앙로 52  (다정동) 메가커피 ,세종다정점,메가커피
충청북도 청주시 흥덕구 오송읍 오송생명8로 175 ,오송역대광로제비앙점,메가커피
경기도 의정부시 추동로 19번길 7 1층 ,의정부동오마을점,메가커피
"세종특별자치시 해밀3로 32 지하1층 122호(해밀동, 해밀마을1단지) ",세종해밀점,메가커피
경기도 의정부시 체육로 306-24 (녹양동) 메가커피 ,녹양역점,메가커피
경기도 광주시 곤지암읍 곤지암로 57 메가커피(곤지암터미널점) ,곤지암터미널점,메가커피
세종특별자치시 가름로 143 ,세종AK플라자점,메가커피
"세종특별자치시 새롬중앙로 51 1층 107호 (새롬동, 에스월드빌딩) ",세종새롬점,메가커피
충청북도 청주시 흥덕구 오송읍 오송생명 5로 184-4 ,청주오송점,메가커피
경기도 남양주시 와부읍 덕소로 89 1층 ,덕소삼거리점,메가커피
경기도 의정부시 용민로 10,의정부탑석자이점,메가커피
경기도 의정부시 오목로 11 . ,의정부용현점,메가커피
경기도 의정부시 부용로 105 프레티넘프라자2105호(금오동) ,의정부금오점,메가커피
경기도 의정부시 충의로 55 (용현동) 메가커피 ,송산역점,메가커피
경기도 양주시 광적면 가래비길 82 ,양주광적점,메가커피
경기도 남양주시 별내면 청학로중앙길 9 ,남양주청학점,메가커피
경기도 의정부시 오목로225번길 157 (민락동)1층메가커피 ,의정부민락점,메가커피
경기도 의정부시 부용로 208,의정부효자초점,메가커피
경기도 의정부시 용현로105번길 37,어룡역점,메가커피
경기도 의정부시 문화로 10 (고산동) . ,의정부듀클래스점,메가커피
경기도 의정부시 용현로 154 (민락동) 메가커피 ,의정부민락KT점,메가커피
경기도 광주시 퇴촌면 광동로 42 ,경기광주퇴촌점,메가커피
경기도 의정부시 월유로 13 (산곡동) 메가커피 ,의정부고산점,메가커피
경기도 남양주시 진건읍 진건오남로 77 메가커피 ,남양주사능점,메가커피
세종특별자치시 한누리대로 2236 ,세종대평점,메가커피
경기도 남양주시 금곡로 72 (금곡동) 메가커피 ,금곡중앙점,메가커피
경기도 남양주시 다산지금로 202,다산DIMC테라타워점,메가커피
"경기도 남양주시 다산순환로 420 1층 112호 113호(다산동, 성산타워 플레이스3) ",다산새봄초교점,메가커피
경기도 남양주시 다산중앙로82번안길 115-4 (다산동) 메가커피 ,다산부영점,메가커피
세종특별자치시 한누리대로 2135 ,세종보람점,메가커피
충청북도 청주시 흥덕구 옥산면 오송가락로 1065 메가커피 ,청주옥산자이점,메가커피
충청북도 진천군 진천읍 중앙북로 18 메가커피 ,진천터미널점,메가커피
"경기도 의정부시 용민로 397 지상1층 101,102호(낙양동, 예스프라자리더스) ",의정부낙양점,메가커피
경기도 의정부시 용민로 493 (민락동) 메가커피 ,민락코스트코점,메가커피
충청북도 진천군 진천읍 상산로 85 메가커피 ,충북진천점,메가커피
세종특별자치시 소담1로 12  (소담동) 메가커피 ,세종소담점,메가커피
전라북도 군산시 월명로 460-2 (명산동) 메가커피 ,군산명산1호점,메가커피
경기도 양주시 평화로 1435 (덕계동) 메가커피 ,양주덕계점,메가커피
경기도 양주시 고읍남로 13 (광사동) 메가커피 ,양주고읍점,메가커피
충청북도 청주시 청원구 오창읍 오창중앙로 123-7 ,청주오창중앙점,메가커피
경기도 양주시 덕계로 132-12 . ,덕계역점,메가커피
"경기도 남양주시 경춘로 1256번길 9 104호(평내동, 강남프라자) ",남양주평내점,메가커피
전라북도 군산시 백토로 110,군산나운점,메가커피
전라북도 군산시 나운로 ,군산나운동백점,메가커피
충청북도 청주시 청원구 오창읍 중심상업1로 20 메가커피 ,충북오창점,메가커피
경기도 남양주시 오남읍 진건오남로 517 ,오남점,메가커피
경기도 이천시 증신로291번길 129,이천송정점,메가커피
전라북도 군산시 문화로 121,군산수송점,메가커피
경기도 남양주시 진접읍 장현로 78 (장현리 대명아파트)109110의1/2호 ,장현점,메가커피
경기도 남양주시 진접읍 해밀예당1로 36 메가커피 ,진접롯데시네마점,메가커피
전라북도 군산시 수송로 136,군산수송오투점,메가커피
전라북도 군산시 월명로 244 (수송동) 메가커피 ,군산수송중앙점,메가커피
경기도 이천시 서희로 57 메가커피(이천중앙점) ,이천중앙점,메가커피
경기도 양주시 남면 개나리길 76 메가커피 ,양주신산점,메가커피
전라북도 군산시 신지길 10,군산지곡점,메가커피
"경기도 이천시 이섭대천로 1203 1,2층(중리동,하나빌딩) ",이천터미널점,메가커피
경기도 남양주시 늘을2로 26,남양주호평점,메가커피
경기도 양주시 삼숭로38번길 77 (삼숭동) 메가커피 ,양주삼숭점,메가커피
충청남도 논산시 중앙로410번길 11 1층(취암동) ,논산취암점,메가커피
경기도 양주시 옥정로 139 (옥정동) 메가커피 ,옥정다올스퀘어점,메가커피
경기도 남양주시 늘을3로 65-4,호평중흥점,메가커피
충청북도 청주시 청원구 오창읍 주성1길 15 메가커피 ,청주오창2산업단지점,메가커피
경기도 양주시 회정로 134 (덕정동) 메가커피 ,양주덕정점,메가커피
경기도 남양주시 진접읍 해밀예당3로 130 ,진접반도유보라점,메가커피
"경기도 양주시 화합로 1363 101호(덕정동, 아트시티) ",덕정역점,메가커피
"경기도 이천시 안흥로 70 1층 105호, 106호(갈산동) ",이천갈산점,메가커피
경기도 남양주시 호평로 134 . ,호평마을점,메가커피
경기도 이천시 이섭대천로 1411,이천증포점,메가커피
경기도 양주시 옥정동로7나길 15 (옥정동) 메가커피 ,옥정신도시점,메가커피
충청북도 청주시 흥덕구 대농로 39 (복대동) 메가커피 ,청주지웰시티점,메가커피
경기도 양주시 옥정동로 193 메가커피(옥정호수공원점) ,옥정호수공원점,메가커피
경기도 양주시 옥정동로7길 20 . ,옥정노블랜드점,메가커피
경기도 양주시 옥정동로4길 3 (옥정동) 메가커피 ,옥정제이드웰점,메가커피
경기도 파주시 적성면 청송로 1020 메가커피 ,파주적성점,메가커피
"경기도 파주시 적성면 청송로 1020, 1층 가호 ",파주적성점,메가커피
경기도 양주시 옥정서로 227 . ,옥정중앙점,메가커피
충청북도 청주시 흥덕구 진재로 44 1층(복대동) ,청주하복대점,메가커피
충청북도 청주시 흥덕구 강서로 110 ,청주강서점,메가커피
충청북도 청주시 흥덕구 서현북로 60 (가경동) 메가커피 ,청주가로수마을점,메가커피
경기도 양주시 옥정동로 274,양주옥정점,메가커피
충청북도 청주시 흥덕구 서현로 60 . ,청주가경아이파크점,메가커피
충청북도 청주시 흥덕구 송화로 156 (송절동) 메가커피 ,청주테크노폴리스점,메가커피
경기도 남양주시 화도읍 먹갓로28번길 7 메가커피 ,남양주묵현점,메가커피
충청남도 논산시 대학로65번길 16,논산내동점,메가커피
충청북도 청주시 흥덕구 사직대로 8 1층 (복대동) ,청주공단오거리점,메가커피
경기도 이천시 부발읍 경충대로2092번길 39-7 메가커피 ,이천하이닉스점,메가커피
대전광역시 유성구 반석로 10,대전반석역점,메가커피
충청북도 청주시 흥덕구 가경로 9-8 ,청주가경점,메가커피
충청북도 청주시 서원구 경신로 31-1 (개신동) 메가커피 ,청주개신점,메가커피
충청북도 청주시 흥덕구 백봉로 222 ,청주봉명점,메가커피
경기도 동두천시 지행동 721-1 메가커피 ,지행역점,메가커피
충청북도 청주시 서원구 1순환로672번길 6 (사창동) 메가커피 ,충북대점,메가커피
충청북도 진천군 덕산읍 연미로 76 1층 104호(다인리치빌딩) ,진천옥동초점,메가커피
경기도 남양주시 화도읍 비룡로 56-8 (신명스카이뷰그린아파트) 메가커피 ,남양주마석점,메가커피
충청북도 청주시 서원구 신화로32번길 2 ,청주성화점,메가커피
경기도 남양주시 화도읍 마석중앙로 67 ,남양주마석역점,메가커피
대전광역시 유성구 노은로 158 (지족동그랜드타운)111호 ,대전노은점,메가커피
경기도 동두천시 중앙로 220 104호 ,동두천큰시장점,메가커피
충청북도 청주시 서원구 창직로 29 ,청주창신초점,메가커피
경기도 포천시 소흘읍 송우로 79 메가커피 ,포천송우리점,메가커피
경기도 포천시 소흘읍 솔모루로 64 메가커피 ,포천송우사거리점,메가커피
충청북도 청주시 청원구 율봉로 97 . ,청주율량사천점,메가커피
충청북도 청주시 청원구 주성로279번길 27 1층105호(주성동) ,청주율량점,메가커피
충청북도 청주시 서원구 모충로 28 . ,청주방통대점,메가커피
경기도 동두천시 중앙로 277-1,동두천점,메가커피
충청북도 음성군 맹동면 장성1길 16 메가커피 ,충북혁신도시점,메가커피
충청북도 청주시 청원구 향군로 124 1층(내덕동) ,청주내덕점,메가커피
충청북도 청주시 청원구 율봉로 176번길 8-2 1층(율량동) ,청주여고점,메가커피
"대전광역시 유성구 죽동로298번길 10, 1층 ",대전죽동점,메가커피
충청북도 청주시 서원구 산남로 56 (산남동) 메가커피 ,청주산남점,메가커피
충청남도 논산시 연무읍 안심로 134 (동산리동석빌딩)1층 ,연무대점,메가커피
충청북도 청주시 서원구 산남로24번길 11 ,청주교육지원청점,메가커피
충청북도 청주시 상당구 월운로 116 ,청주동남2지구점,메가커피
충청북도 청주시 서원구 구룡산로 254 ,청주수곡점,메가커피
대전광역시 유성구 신성로62번길 57 1층(신성동) ,대전신성점,메가커피
"충청북도 청주시 상당구 중앙로 80 (북문로3가, 청주행정타운코아루휴티스) . ",청주시청점,메가커피
충청북도 청주시 서원구 무심서로 401 . ,청주모충점,메가커피
"충청북도 청주시 서원구 서원남로 60, 1층 ",서원대점,메가커피
충청북도 청주시 청원구 율량로 199 . ,청주율량중앙점,메가커피
"충청북도 청주시 청원구 상당로 263, 1층(우암동) ",청대사거리점,메가커피
충청북도 청주시 상당구 성안로 21 1층(북문로2가) ,청주성안길점,메가커피
충청북도 청주시 청원구 안덕벌로102번길 2 ,청주예술대점,메가커피
충청북도 청주시 서원구 청남로 2014 ,분평농협사거리점,메가커피
대전광역시 유성구 테크노4로 119,대전관평점,메가커피
충청북도 청주시 서원구 1순환로1107번길 21 (분평동) 메가커피 ,청주분평점,메가커피
대전광역시 유성구 궁동로18번길 31 (궁동) 메가커피 ,충남대점,메가커피
대전광역시 유성구 상대동로 34,대전도안상대점,메가커피
경기도 포천시 호국로 995 . ,포천선단점,메가커피
충청북도 청주시 상당구 중고개로 334 (금천동) 메가커피 ,청주금천점,메가커피
대전광역시 유성구 어은로48번길 12 1층(어은동) ,유성구청점,메가커피
대전광역시 대덕구 대덕대로 1555,대전신탄진점,메가커피
충청북도 청주시 상당구 월평로184번길 150 (용암동) 메가커피 ,청주용암점,메가커피
충청북도 음성군 금왕읍 무극로 250 ,충북금왕점,메가커피
충청북도 청주시 상당구 용암북로138번길 35 1층(용암동) ,용암중흥마을점,메가커피
충청북도 청주시 상당구 중고개로 137 1층 ,청주동남지구점,메가커피
충청북도 증평군 증평읍 초중로 60 1층 101호 ,증평초중점,메가커피
대전광역시 서구 청사서로 44 (월평동) 메가커피 ,대전월평점,메가커피
대전광역시 유성구 전민로58번길 61 1층(전민동) ,대전전민점,메가커피
대전광역시 서구 갈마중로 9 ,대전갈마점,메가커피
대전광역시 유성구 문지로299번길 123 1층 ,대전문지점,메가커피
대전광역시 서구 둔산로31번길 17 (둔산동) 메가커피 ,대전타임월드점,메가커피
대전광역시 서구 대덕대로 179 (둔산동) 메가커피 ,대전둔산동점,메가커피
대전광역시 서구 둔산로51번길 66 (둔산동) 메가커피 ,대전을지병원점,메가커피
대전광역시 서구 구봉로131번길 20 104호(관저동라임빌딩) ,대전관저점,메가커피
충청북도 증평군 증평읍 중앙로 224 1층 ,충북증평점,메가커피
경기도 양평군 양평읍 양평시장길7번길 2 1층 ,양평물맑은시장점,메가커피
대전광역시 서구 둔산중로134번길 29 1층 102호 (둔산동) ,대전청사점,메가커피
대전광역시 서구 도안동로11번길 45 (가수원동) 메가커피 ,대전가수원점,메가커피
대전광역시 서구 둔산중로 50 110호(둔산동파이낸스빌딩) ,대전시청역점,메가커피
"대전광역시 서구 문정로 77 (탄방동, 로데오 타운) ",대전탄방점,메가커피
대전광역시 서구 배재로 162-1,대전배재대점,메가커피
전라북도 익산시 신동 791-17 메가커피 ,원광대점,메가커피
전라북도 익산시 선화로3길 31-13,익산배산점,메가커피
대전광역시 서구 동서대로 692 1층메가커피 ,대전목원대점,메가커피
"대전광역시 서구 갈마로 262 (내동, 맑은아침아파트) ",대전한민시장점,메가커피
대전광역시 서구 문정로 130-1,대전공작한양점,메가커피
"대전광역시 서구 계룡로 618, 1층 1호(괴정동) ",대전용문역점,메가커피
대전광역시 서구 정림로 56-1,대전정림점,메가커피
전라북도 익산시 고현로 90 (모현동1가) 메가커피 ,익산모현점,메가커피
대전광역시 서구 도산로 46,대전도마네거리점,메가커피
전라북도 익산시 고봉로30길 11 109동101호(영등동제일아파트상가) ,익산영등제일점,메가커피
전라북도 익산시 하나로10길 3 . ,익산어양점,메가커피
대전광역시 중구 태평로  71 ,대전태평점,메가커피
대전광역시 대덕구 중리로 82 1층 ,대전e편한세상법동점,메가커피
경기도 포천시 구절초로 20 (신읍동) 메가커피 ,포천신읍점,메가커피
전라북도 익산시 선화로 333,익산동부오거리점,메가커피
대전광역시 서구 복수남로 26,대전복수점,메가커피
대전광역시 중구 목동로 42 . ,대전목동점,메가커피
대전광역시 대덕구 동춘당로 181,대전법동점,메가커피
"전라북도 익산시 부송1로 70,  101호(부송동) ",익산부송우체국점,메가커피
대전광역시 대덕구 한밭대로 1159 1층 ,대전중리점,메가커피
대전광역시 동구 한남로 12,대전한남대점,메가커피
대전광역시 대덕구 송촌북로16번길 57,대전송촌점,메가커피
"대전광역시 중구 계백로 1709, 1층 (오류동) ",서대전점,메가커피
전라북도 익산시 평동로12길 1,익산동산점,메가커피
대전광역시 동구 동서대로 1690,대전터미널점,메가커피
대전광역시 중구 중교로 6 (대흥동) 메가커피 ,대전성모오거리점,메가커피
대전광역시 중구 중앙로 지하 145 (은행동지하상가)C구역가열15호 ,대전중앙로지하상가점,메가커피
경기도 연천군 전곡읍 전곡로 158 메가커피 ,연천전곡점,메가커피
대전광역시 동구 동대전로46번길 7,대전대동점,메가커피
대전광역시 동구 동대전로 174-2 (자양동) 메가커피 ,대전우송대점,메가커피
경기도 여주시 세종로 18 메가커피 ,여주중앙점,메가커피
경기도 가평군 조종면 현창로38번길 7 (현리태양전기)1층 ,평현리점,메가커피
대전광역시 동구 동부로 75,대전판암점,메가커피
"대전광역시 동구 용운로 203 (용운동, e편한세상대전에코포레) ",대전용운점,메가커피
경기도 양평군 용문면 용문역길 26 메가커피 ,양평용문점,메가커피
"대전광역시 동구 은어송로 63 (가오동, 글로리타워투) ",대전가오점,메가커피
전라북도 완주군 봉동읍 둔산3로 79 1층 ,완주첨단점,메가커피
전라북도 김제시 동서로 244(요촌동) 메가커피 ,김제터미널점,메가커피
경기도 포천시 일동면 화동로1051번길 4-3 (기산리)1층 ,포천일동점,메가커피
"전라북도 전주시 덕진구 쪽구름로 120, 1동 103층 ",전주반월점,메가커피
전라북도 완주군 이서면 기지로 56 102호 ,전북혁신점,메가커피
충청북도 옥천군 옥천읍 금구리 18-22 1층 ,옥천점,메가커피
전라북도 전주시 덕진구 세병로  178-4 ,전주에코시티점,메가커피
충청북도 괴산군 괴산읍 읍내로 293 ,충북괴산점,메가커피
전라북도 전주시 덕진구 솔내로 184 ,전주송천점,메가커피
"충청북도 충주시 중앙탑면 원앙9길 15, A-2EHD 1층 111호, 112호(e편한세상 충주) ",서충주신도시점,메가커피
경기도 가평군 가평읍 가화로 110-1 . ,평점,메가커피
전라북도 전주시 완산구 세내로 542 1층(효자동3가) ,전주서곡점,메가커피
전라북도 전주시 덕진구 호성3길 12 101호 ,전주호성점,메가커피
충청북도 충주시 대소원면 첨단산업9로 13 1층 ,충주첨단산업단지점,메가커피
충청북도 보은군 보은읍 보은로 101 메가커피 ,충북보은점,메가커피
전라북도 전주시 완산구 서신로 111 ,전주서일점,메가커피
전라북도 전주시 완산구 백마산길 36 ,전주대점,메가커피
경기도 연천군 신서면 도신리 285-1 1층 ,대광리역점,메가커피
전라북도 전주시 완산구 서신로 4 (서신동)1층 ,전주서신점,메가커피
전라북도 전주시 완산구 홍산남로 50 104호(효자동2가) ,전북도청점,메가커피
강원도 원주시 문막읍 건등로 43 . ,원주건등점,메가커피
"전라북도 전주시 덕진구 만성중앙로 45, 1층 103호 ",전주만성지구점,메가커피
경기도 포천시 영북면 운천로 17-1 (운천리)1층 ,포천운천점,메가커피
전라북도 전주시 완산구 호암로 80 ,전주효자휴먼시아점,메가커피
충청남도 금산군 금산읍 비단로 325 메가커피 ,금산점,메가커피
전라북도 전주시 완산구 홍산로 77 ,전주효천점,메가커피
전라북도 전주시 완산구 용머리로 57 (효자동1가)1층101호 ,전주효자점,메가커피
"전라북도 전주시 덕진구 건산로 255(인후동1가, 롯데슈퍼) 메가MGC커피(전주인후점) ",전주인후점,메가커피
충청북도 충주시 대소원면 대학로 24-1 ,충주교통대점,메가커피
전라북도 전주시 덕진구 인후동1가 889-4 메가커피 ,전주아중점,메가커피
전라북도 전주시 완산구 용리로 55 (효자동1가) 메가커피 ,전주삼천점,메가커피
전라북도 전주시 완산구 용리로 133 1층5호(삼천동1가상익아파트) ,전주삼천중앙점,메가커피
전라북도 전주시 완산구 모악로 4688 D104호(평화동2가) ,전주평화점,메가커피
충청북도 충주시 봉계1길 50,충주터미널점,메가커피
"충청북도 충주시 호암수청2로 21 1층 105호, 106호 (호암동) ",충주호암신도시점,메가커피
강원도 원주시 지정면 신지정로 316-2 메가커피 ,원주기업도시점,메가커피
충청북도 충주시 번영대로 ,충주연수중앙점,메가커피
충청북도 충주시 예성로 ,충주성서점,메가커피
강원도 철원군 갈말읍 삼부연로 5 (신철원리)1층 ,신철원점,메가커피
충청북도 충주시 호암토성2로 ,충주호암점,메가커피
강원도 철원군 동송읍 금학로 210 . ,철원동송점,메가커피
충청북도 충주시 갱고개로 140 1층(연수동) ,충주연수점,메가커피
충청북도 충주시 형설로 90,충주용산점,메가커피
강원도 원주시 흥업면 남원로 78 ,원주흥업사거리점,메가커피
강원도 원주시 건강로 21 . ,원주건강보험공단점,메가커피
강원도 원주시 봉황2길 17 . ,원주봉황사거리점,메가커피
강원도 원주시 시청로 72 . ,원주무실중앙점,메가커피
강원도 원주시 능라동길 48-1 (무실동) 메가커피 ,원주무실점,메가커피
강원도 원주시 천사로 20 . ,원주봉화산점,메가커피
전라북도 정읍시 수성2로 30,정읍수성점,메가커피
강원도 원주시 북원로 2235-4 111호(단계동) ,원주터미널점,메가커피
강원도 원주시 남원로 441-2 (명륜동) . ,원주명륜점,메가커피
강원도 철원군 갈말읍 태봉로 1532 (문혜리MINISTOP) ,철원문혜리점,메가커피
전라북도 정읍시 연지동 49-22 금오빌딩104호 ,전북정읍점,메가커피
강원도 원주시 우산로 63 (우산동) . ,원주우산점,메가커피
강원도 원주시 서원대로 392 1층 113호(단구동) ,원주단구점,메가커피
전라북도 정읍시 중앙로 132-1 수성동 ,정읍제일점,메가커피
강원도 원주시 단구로 398,원주단관점,메가커피
강원도 원주시 원일로 113-1 2층(일산동) ,원주중앙점,메가커피
강원도 원주시 행구로 24,원주명륜초점,메가커피
강원도 원주시 치악로 1502 1층 좌측호 ,원주유승점,메가커피
강원도 원주시 반곡길 64 1층 104호 (반곡동) ,원주반곡점,메가커피
전라북도 정읍시 학산로 117-14 (상동) 메가커피 ,정읍상동점,메가커피
강원도 원주시 혁신로 53,원주혁신도시점,메가커피
강원도 춘천시 수변공원길 19,춘천공지천점,메가커피
강원도 화천군 사내면 사내로 40-4 메가MGC커피(사창리점) ,사창리점,메가커피
강원도 춘천시 스포츠타운길 522,춘천온의파크점,메가커피
강원도 원주시 영랑길 20-1,원주행구점,메가커피
강원도 춘천시 안마산로 115 . ,춘천한숲시티점,메가커피
강원도 춘천시 춘천로 17번길 21 1층메가커피 ,춘천온의점,메가커피
강원도 춘천시 퇴계농공로 22 110호(석사동프라임타워) ,춘천석사점,메가커피
강원도 춘천시 퇴계로 217,춘천봄내초점,메가커피
강원도 춘천시 명동길 6-2 (중앙로2가) ,춘천명동점,메가커피
강원도 춘천시 효자로 154 (효자동) 메가커피 ,춘천팔호광장점,메가커피
강원도 춘천시 서부대성로227번길 24 (효자동) ,강원대점,메가커피
강원도 춘천시 후석로186번길 16 (석사동) ,춘천애막골점,메가커피
강원도 춘천시 후석로 326 111호(후평동엠타워) ,춘천후평점,메가커피
충청북도 영동군 영동읍 영산로 6 ,충북영동점,메가커피
강원도 홍천군 홍천읍 희망리 327-1 1층 ,강원도홍천점,메가커피
강원도 춘천시 우두5길 36,춘천우두점,메가커피
전라북도 고창군 고창읍 중앙로 240 메가커피 ,전북고창점,메가커피
강원도 철원군 서면 와수로 171 (와수리고향서점)1층 ,철원와수리점,메가커피
충청북도 제천시 청풍호로 ,제천강제점,메가커피
강원도 화천군 화천읍 중앙로 3-2 (하리동아스포츠)메가커피 ,화천점,메가커피
충청북도 제천시 하소로 ,제천하소점,메가커피
충청북도 제천시 세명로 60 (모산동)1층 ,세명대점,메가커피
충청북도 제천시 의림대로14길 4,제천문화의거리점,메가커피
전라남도 영광군 영광읍 신남로 180 메가커피 ,영광터미널점,메가커피
충청북도 제천시 청전대로 251 1층 ,장락씨케이마트점,메가커피
전라북도 장수군 장계면 한들로 103 ,전북장계점,메가커피
경상북도 문경시 상신로 3 (점촌동) 메가커피 ,경북문경점,메가커피
전라남도 장성군 장성읍 영천로 166-1 . ,전남장성점,메가커피
경상북도 상주시 경상대로 2560-7 104호(가장동) ,상주경북대점,메가커피
전라남도 담양군 담양읍 중앙로 30 ,담양터미널점,메가커피
전라북도 순창군 순창읍 장류로 352 ,전북순창점,메가커피
충청북도 단양군 단양읍 삼봉로 282-1 . ,충북단양점,메가커피
광주광역시 북구 첨단연신로107번길 19,광주첨단2지구점,메가커피
광주광역시 광산구 비아로 12 (비아동) 메가커피 ,광주비아점,메가커피
경상북도 김천시 혁신4로 61 . ,김천율곡점,메가커피
경상북도 김천시 신음동 394-4 1층 ,김천점,메가커피
광주광역시 광산구 진곡산단2번로 75,광주진곡산단점,메가커피
광주광역시 광산구 첨단중앙로106번길 11,광주첨단점,메가커피
강원도 인제군 남면 신남로 28 1층 ,인제신남점,메가커피
"광주광역시 광산구 첨단강변로 97 1층 103호(일부), 104호 (쌍암동) ",광주첨단쌍암점,메가커피
"광주광역시 광산구 첨단중앙로68번길 99, 상가동 1층 103호 ",광주첨단산월점,메가커피
광주광역시 광산구 풍영로 271 . ,광주수완성덕점,메가커피
광주광역시 북구 하서로 428 (용두동) 메가커피 ,광주양산점,메가커피
광주광역시 북구 양산택지로51번길 2 1층(양산동) ,광주양산택지로점,메가커피
광주광역시 광산구 신창로131번길 10 상가동1층114호(신창동) ,광주신창휴튼점,메가커피
강원도 양구군 양구읍 중앙길 16 (상리)1층 ,강원양구점,메가커피
광주광역시 광산구 풍영로200번길 75 1층(장덕동) ,광주수완아울렛점,메가커피
광주광역시 광산구 장신로147번길 5-18 메가커피 ,광주수완점,메가커피
광주광역시 광산구 신창동 1224-4 메가커피 ,광주신창점,메가커피
광주광역시 북구 설죽로 545-1,광주일곡점,메가커피
광주광역시 광산구 풍영로  93,광주흑석점,메가커피
광주광역시 광산구 용아로379번길 29 1층(산정동) ,광주하남2지구점,메가커피
광주광역시 북구 양일로 66 (연제동) 메가커피 ,광주연제점,메가커피
광주광역시 광산구 임방울대로 215,광주수완임방울점,메가커피
광주광역시 광산구 신창로 1,광주신가점,메가커피
광주광역시 북구 설죽로 506-9 (일곡동)1층메가커피 ,광주일곡점,메가커피
광주광역시 광산구 사암로340번길 39 (월곡동) 메가커피 ,광주운남영천점,메가커피
광주광역시 광산구 하남대로 282 (운남동) 메가커피 ,광주운남점,메가커피
전라북도 남원시 용성로 213-8,남원도통점,메가커피
"전라남도 담양군 창평면 창평로 598-4, 1층 ",담양창평점,메가커피
광주광역시 북구 북문대로 241 (동림동) 메가커피 ,광주동림점,메가커피
광주광역시 광산구 월곡산정로 17 (산정동) 메가커피 ,광주여대점,메가커피
광주광역시 광산구 월곡산정로 91-1 1층 ,광주월곡점,메가커피
광주광역시 북구 북문대로 153,광주운암미라보점,메가커피
광주광역시 북구 설죽로315번길 42 (매곡동) . ,광주매곡점,메가커피
"광주광역시 광산구 풍영철길로 15, 201-3,4 호 ",광주하남점,메가커피
광주광역시 북구 설죽로 334 (오치동) 메가커피 ,광주오치점,메가커피
광주광역시 북구 유림로 168,광주동림삼익점,메가커피
"광주광역시 북구 대자실로 22 (운암동, 운암동 포레스-힐2) 메가커피 ",광주운암중앙점,메가커피
광주광역시 광산구 선운로 9,호남대점,메가커피
광주광역시 광산구 소촌로 144 1층(소촌동) ,광주소촌점,메가커피
광주광역시 북구 비엔날레로  93,광주용봉점,메가커피
광주광역시 북구 서강로54번길 50 201상가동106호(운암동) ,광주운암벽산점,메가커피
광주광역시 서구 동천로10번길 35-4 (동천동) 메가커피 ,광주동천빛고을점,메가커피
광주광역시 서구 유림로98번길 41 102호(동천동) ,광주동천점,메가커피
광주광역시 북구 대자로 64 (운암동) ,광주운암시장점,메가커피
"광주광역시 북구 용주로30번길 63, 1층 ",전대예대점,메가커피
광주광역시 북구 서하로 374,광주문흥점,메가커피
광주광역시 서구 상무버들로 ,광주유촌점,메가커피
광주광역시 북구 설죽로202번길 64 . ,전대상대점,메가커피
광주광역시 북구 면앙로 52 . ,광주우산점,메가커피
광주광역시 서구 상무민주로 99-1 1층(쌍촌동) ,광주518공원점,메가커피
광주광역시 광산구 선운중앙로  56 ,광주선운지구점,메가커피
광주광역시 서구 상무연하로 75 (치평동)1층일부 ,광주상무지구점,메가커피
광주광역시 북구 자미로 67 1층(신안동) ,전대정문점,메가커피
광주광역시 광산구 상무대로 207 1층(송정동) ,광주송정역점,메가커피
"광주광역시 서구 상무중앙로 57 (치평동, S클래스 상가) 메가커피 ",광주상무중앙점,메가커피
광주광역시 서구 내방로 247 . ,광주쌍촌점,메가커피
광주광역시 광산구 송정로 61,광주송정사랑점,메가커피
광주광역시 북구 군왕로 155,광주두암점,메가커피
광주광역시 광산구 평동로 814 (옥동) 메가커피 ,광주평동점,메가커피
광주광역시 북구 동문대로 102 1층(두암동) ,광주말바우점,메가커피
광주광역시 서구 상무평화로 89 103호(치평동) ,광주치평점,메가커피
광주광역시 서구 상무대로 872 . ,광주운천점,메가커피
광주광역시 서구 죽봉대로 42-1 1층 ,광주농성점,메가커피
"광주광역시 북구 서양로 155 (우산동, 무등산자이앤어울림아파트1단지) . ",광주우산중앙점,메가커피
광주광역시 서구 상무대로1081번길 1 (화정동) 메가커피 ,광주화정중앙점,메가커피
광주광역시 북구 삼정로66번길 100 . ,광주두암현대점,메가커피
전라남도 함평군 함평읍 영수길 186 ,전남함평점,메가커피
광주광역시 동구 필문대로 48,광주교대점,메가커피
광주광역시 북구 밤실로 205,광주두암밤실점,메가커피
광주광역시 남구 구성로8번길 6,광주월산유보라점,메가커피
광주광역시 서구 천변좌로 260-1 (양동) 메가커피 ,광주양동점,메가커피
광주광역시 서구 운천로  58 ,광주금호중앙점,메가커피
광주광역시 동구 중앙로290번길 ,광주계림점,메가커피
"광주광역시 동구 제봉로 221, 1층 ",광주대인점,메가커피
광주광역시 서구 염화로 73 1층(화정동) ,광주염주점,메가커피
광주광역시 서구 화운로 24 상가1동104호(화정동유니버시아드힐스테이트3단지) ,광주화정현대점,메가커피
광주광역시 서구 월드컵4강로42번길 62 1층,광주화정점,메가커피
광주광역시 동구 필문대로 175 (산수동) . ,광주산수점,메가커피
광주광역시 서구 금화로 91 . ,광주금호점,메가커피
광주광역시 서구 화개1로79번길 2 1층(금호동) ,광주금호종원점,메가커피
광주광역시 동구 중앙로 157 (호남동) 메가커피 ,광주충장중앙점,메가커피
광주광역시 동구 충장로 77-1 1층(충장로3가) ,광주충장로점,메가커피
광주광역시 동구 장동로 23-20 1층(장동) ,광주동명점,메가커피
광주광역시 북구 용봉동 161-11 메가커피 ,전대후문점,메가커피
광주광역시 동구 필문대로273번길 5 1층(동명동) ,조선대점,메가커피
광주광역시 남구 백운로 66 . ,광주백운점,메가커피
광주광역시 서구 회재로 1054 103호 ,광주풍암점,메가커피
광주광역시 남구 양림로 50 . ,광주양림점,메가커피
광주광역시 남구 봉선로 2 메가커피(광주남구청점) ,광주남구청점,메가커피
광주광역시 서구 풍금로 10,광주풍암운리점,메가커피
광주광역시 남구 대남대로 65 ,광주방림중앙점,메가커피
광주광역시 남구 대남대로  149번길 19 ,광주주월점,메가커피
광주광역시 서구 풍암2로  53 ,광주풍암신암점,메가커피
광주광역시 남구 주월동  407 ,광주진월중앙점,메가커피
광주광역시 동구 남문로 690 . ,광주학동점,메가커피
광주광역시 남구 용대로 138 (방림동) ,광주방림점,메가커피
광주광역시 동구 의재로 ,광주학운점,메가커피
광주광역시 남구 봉선중앙로 28,광주봉선점,메가커피
"광주광역시 남구 금당로 2, 1층 ",광주진월점,메가커피
광주광역시 남구 봉선로 205,광주봉선유안공원점,메가커피
광주광역시 남구 화산로 29 1층(진월동) ,광주진월효덕점,메가커피
경상남도 거창군 거창읍 아림로 32 1층 ,거창점,메가커피
"광주광역시 남구 효덕로 291 (송하동, 금호타운) 메가커피 ",광주대점,메가커피
광주광역시 동구 용산2로 3 (용산동) 메가커피 ,광주용산점,메가커피
광주광역시 남구 효천2로 12 162동 1층 101호 ,광주효천1지구점,메가커피
강원도 인제군 인제읍 인제로 194 1층 ,인제점,메가커피
광주광역시 남구 효우2로 34 (행암동) 메가커피 ,광주효천2지구점,메가커피
광주광역시 남구 효우로 81 1층(노대동) ,광주노대점,메가커피
전라남도 나주시 대호길 83 (대호동) 메가커피 ,나주대호점,메가커피
경상북도 구미시 봉곡남로20길 4 (봉곡동) 메가커피 ,구미봉곡점,메가커피
전라남도 무안군 무안읍 불무로 25 메가커피 ,무안중앙점,메가커피
"전라남도 무안군 무안읍 무안로 491, 1층 ",무안터미널점,메가커피
경상북도 구미시 도봉로 82 . ,구미도량점,메가커피
전라남도 나주시 상야4길 21 (빛가람동) ,나주혁신도시점,메가커피
경상북도 구미시 구미중앙로13길 3 메가커피 ,구미역점,메가커피
강원도 인제군 기린면 내린천로 4018 메가커피 ,인제현리점,메가커피
경상남도 거창군 남상면 승강기길 58 2103호 ,거창산단점,메가커피
전라남도 나주시 남평읍 강변2길 27-1 101호 ,나주남평점,메가커피
강원도 인제군 북면 원통로147번길 37 메가커피 ,인제원통점,메가커피
전라남도 나주시 상야1길 7 메가커피(나주빛가람점) ,나주빛가람점,메가커피
경상북도 구미시 송정대로 90 1층(송정동) ,구미송정점,메가커피
전라남도 나주시 그린로 196,나주빛가람그린로점,메가커피
경상북도 영주시 대학로240번길 6-16 (가흥동) 메가커피 ,영주가흥점,메가커피
전라남도 화순군 화순읍 칠충로 110 1층 ,화순중앙점,메가커피
전라남도 화순군 화순읍 광덕로 187 1층 ,화순광덕점,메가커피
경상북도 구미시 신비로 115 1층나호(비산동) ,구미비산점,메가커피
경상북도 구미시 대학로 52-3 (거의동) 메가커피 ,금오공대점,메가커피
전라남도 무안군 청계면 승달산길 39 메가커피 ,목포대점,메가커피
경상북도 구미시 산동읍 신당1로2길 15 메가커피 ,구미확장단지점,메가커피
경상북도 구미시 산호대로 793 (옥계동)1층 ,구미옥계점,메가커피
강원도 인제군 서화면 천도로 153 메가커피 ,인제천도리점,메가커피
경상북도 구미시 산동읍 산호대로41길 14-13 ,구미4공단점,메가커피
"경상북도 구미시 인동36길 9 1층(구평동, 금강빌딩) ",구미구평점,메가커피
경상북도 봉화군 봉화읍 봉화로 1194 ,경북봉화점,메가커피
전라남도 목포시 연산백련로 14 . ,목포용해점,메가커피
전라남도 목포시 영산로 627,목포석현중앙점,메가커피
전라남도 목포시 용해지구로 11,목포포미점,메가커피
전라남도 목포시 원산중앙로 107,목포연산점,메가커피
전라남도 목포시 양을로208번길 2 (용당동) ,목포시청점,메가커피
전라남도 목포시 옥암로 179 (석현동) 메가커피 ,목포석현점,메가커피
전라남도 목포시 상동로 4 1층 ,목포터미널점,메가커피
전라남도 목포시 청호로 177 (산정동) . ,목포북항점,메가커피
전라남도 목포시 백년대로375번길 39 . ,목포이마트오거리점,메가커피
전라남도 무안군 삼향읍 남악2로74번길 39 1층 102호 ,목포남악점,메가커피
전라남도 목포시 남악1로52번나길 1,목포옥암점,메가커피
전라남도 목포시 동부로 2 (용당동) 메가커피 ,목포용당점,메가커피
전라남도 목포시 양을로 56-1 (산정동) 메가커피 ,목포대성점,메가커피
전라남도 무안군 삼향읍 남악4로 79 1층 106호 ,전남도청점,메가커피
전라남도 목포시 당가두로 18,목포옥암코아루점,메가커피
전라남도 목포시 백년대로 324,목포상동점,메가커피
전라남도 목포시 신흥로 96 . ,목포신흥점,메가커피
전라남도 무안군 삼향읍 남악5로46번길 7 메가커피 ,무안오룡점,메가커피
전라남도 목포시 비파로43번길 30 1층(상동) ,목포하당점,메가커피
전라남도 목포시 원형로 48 (상동) 메가커피 ,목포평화광장점,메가커피
전라남도 목포시 자유로 59,목포삼학점,메가커피
경상북도 안동시 문화광장길 49 (삼산동) 메가커피 ,안동문화의거리점,메가커피
전라남도 목포시 수문로 14-2 (대안동) 메가커피 ,목포역점,메가커피
전라남도 무안군 일로읍 오룡중앙동로 65 (오룡 에듀포레 푸르지오) 메가커피 ,무안오룡지구점,메가커피
경상남도 합천군 합천읍 동서로 95 메가커피 ,합천점,메가커피
강원도 정선군 사북읍 사북중앙로 29-2 . ,정선사북점,메가커피
전라남도 영암군 삼호읍 신항로 63-12 (삼호한마음회관) . ,영암삼호한마음점,메가커피
전라남도 영암군 삼호읍 대불주거로 171 메가커피 ,영암삼호점,메가커피
강원도 정선군 고한읍 고한로 149-2 . ,강원고한역점,메가커피
대구광역시 달성군 다사읍 달구벌대로 881 107호 ,대구다사점,메가커피
"대구광역시 달서구 달구벌대로 1019, 1층 ",대구계명대동산병원점,메가커피
대구광역시 북구 칠곡중앙대로 411 . ,대구칠곡네거리점,메가커피
대구광역시 북구 칠곡중앙대로69길 23 (태전동) ,대구보건대점,메가커피
대구광역시 북구 동천로 133 (동천동)1층 ,대구칠곡3지구점,메가커피
대구광역시 북구 칠곡중앙대로 254 (태전동)1층 ,대구태전점,메가커피
대구광역시 달서구 성서로 420 (이곡동) 메가커피 ,대구성서점,메가커피
대구광역시 달서구 이곡동로 24,이마트성서점,메가커피
대구광역시 달서구 달구벌대로 1545,대구죽전역점,메가커피
대구광역시 달성군 화원읍 비슬로 2572 1층 ,대구화원점,메가커피
강원도 양양군 양양읍 양양로 66 1층 ,강원도양양점,메가커피
"대구광역시 달서구 조암남로 158,  1층 109호(유천동, 그랑에비뉴) ",대구유천점,메가커피
대구광역시 달서구 와룡로 123 . ,죽전아이위시점,메가커피
대구광역시 북구 팔달로 167 (노원동3가) 메가커피 ,대구팔달시장역점,메가커피
대구광역시 달서구 조암로 29 101호(월성동월성동이래타워) ,대구신월성점,메가커피
대구광역시 달서구 달구벌대로 1730 1층(두류동) ,대구두류역점,메가커피
대구광역시 서구 달서로 179 . ,대구비산점,메가커피
전라남도 순천시 삼산로 101,순천용당점,메가커피
전라남도 순천시 순천대2길 2,순천대점,메가커피
강원도 속초시 동해대로 4147,속초조양점,메가커피
대구광역시 북구 동북로 241 301동 106호 ,대구복현아이파크점,메가커피
대구광역시 북구 중앙대로 540 (칠성동2가오페라코오롱하늘채)301동106호 ,대구칠성동점,메가커피
전라남도 순천시 중앙6길 19 1층(중앙동) ,순천중앙점,메가커피
강원도 속초시 미시령로 3395,속초교동점,메가커피
대구광역시 중구 중앙대로 395 (동성로3가)1층 ,동성로점,메가커피
전라남도 순천시 왕지2길 4-39,순천호수공원점,메가커피
대구광역시 중구 중앙대로 278 (남산동구일악기)1층 ,대구명덕역점,메가커피
대구광역시 북구 대현로20길 9 (대현동)12층 ,대구대현점,메가커피
"대구광역시 중구 달구벌대로 2100 지하층 C103호(덕산동, 메트로센타) ",대구메트로센타점,메가커피
강원도 속초시 중앙로 147번길 15 (중앙동) ,속초중앙시장점,메가커피
전라남도 순천시 장천3길 3 (장천동) . ,순천터미널점,메가커피
강원도 속초시 해오름로 167,속초해변점,메가커피
전라남도 순천시 봉화2길 14 1층(조례동) ,순천조례점,메가커피
전라남도 순천시 팔마로 120 1층(조곡동) ,순천역점,메가커피
전라남도 순천시 조례못등길 18 1층(조례동) ,순천왕조점,메가커피
강원도 태백시 황지로 172-1 1층 ,강원태백점,메가커피
전라남도 순천시 우석로 53 (덕월동신보회관)1층 ,순천점,메가커피
"대구광역시 남구 신촌길 57 (봉덕동, 앞산비스타동원) ",대구앞산비스타점,메가커피
"전라남도 광양시 광양읍 인덕로 1082, 1층 ",광양칠성점,메가커피
전라남도 광양시 광양읍 대림오성로 42 메가커피 ,광양읍점,메가커피
경상남도 하동군 하동읍 경서대로 124 메가커피 ,하동점,메가커피
전라남도 보성군 보성읍 현충로 107 . ,보성중앙점,메가커피
전라남도 순천시 해룡면 장선배기길 284 1층 ,순천금당점,메가커피
대구광역시 수성구 달구벌대로 480길 33 ,대구범어점,메가커피
전라남도 순천시 팔마4길 18 104호(연향동) ,순천팔마점,메가커피
강원도 강릉시 범일로 628-1,강릉내곡점,메가커피
대구광역시 수성구 청수로26길 36 . ,대구황금점,메가커피
강원도 강릉시 하슬라로 27 (홍제동) 메가커피 ,강릉시외버스터미널점,메가커피
전라남도 광양시 광양읍 용강로 18 메가커피 ,광양창덕점,메가커피
강원도 강릉시 솔올로5번길 55 (교동) 메가커피 ,강릉교동택지점,메가커피
"전라남도 순천시 해룡면 좌야로 135 626동 1층 109, 110호(중흥에스클래스 6단지 메가타운) ",순천신대점,메가커피
강원도 강릉시 솔올로 63 . ,강릉교동솔올점,메가커피
강원도 강릉시 주문진읍 주문로 78 ,강릉주문진점,메가커피
강원도 강릉시 남부로125번길 5 . ,강릉노암점,메가커피
대구광역시 동구 동촌로 242 105호 ,대구방촌점,메가커피
강원도 강릉시 신대학길 24 1층(금학동) ,강릉중앙점,메가커피
대구광역시 수성구 용학로 214 (지산동) ,대구지산범물점,메가커피
강원도 강릉시 율곡로 2810 메가커피(강릉옥천오거리점) ,강릉옥천오거리점,메가커피
강원도 강릉시 용지로 23,강릉입암점,메가커피
전라남도 장흥군 장흥읍 중앙로 32-1 . ,장흥중앙점,메가커피
강원도 강릉시 하평길 38 (포남동) 메가커피 ,강릉포남점,메가커피
강원도 강릉시 입암로 157 1층(입암동) ,강릉입암오거리점,메가커피
전라남도 강진군 강진읍 중앙로 97 ,강진터미널점,메가커피
"대구광역시 동구 안심로22길 40-1, 1층 (율하동) ",대구율하지구점,메가커피
강원도 강릉시 창해로 431,경포해수욕장점,메가커피
강원도 강릉시 경강로2477번길  4,강릉송정점,메가커피
전라남도 광양시 사동로 187-1 (마동) 메가커피 ,광양마동점,메가커피
전라남도 광양시 광영로 140,광양광영점,메가커피
대구광역시 동구 동호로 77,대구동호점,메가커피
대구광역시 수성구 신매로 91 (신매동시지삼주한라협화타운)상가111동105호 ,대구시지신매점,메가커피
경상남도 진주시 초북로 54 (초전동) 메가커피 ,진주초전점,메가커피
전라남도 광양시 중마중앙로  124 ,광양시청점,메가커피
전라남도 광양시 광장로 143,광양중마점,메가커피
전라남도 해남군 해남읍 해남로 15 메가커피 ,해남터미널점,메가커피
전라남도 광양시 공영로 74 (중동) 메가커피 ,광양중동점,메가커피
경상남도 진주시 진주대로 888,진주칠암점,메가커피
경상남도 진주시 동진로 177 (상대동) 메가커피 ,진주시청점,메가커피
"경상남도 진주시 금산면 송백로 46, 604동 1층(복지회관) ",진주비성대점,메가커피
경상북도 경산시 대학로 323 (조영동) 메가커피 ,영남대점,메가커피
경상남도 진주시 가좌동 2067-3 . ,진주가좌점,메가커피
경상남도 진주시 사들로 52 (충무공동)0층 ,진주혁신도시점,메가커피
경상북도 경산시 삼풍로 18,경산삼풍점,메가커피
경상북도 경산시 하양읍 하양로 66 메가커피 ,경산하양점,메가커피
강원도 동해시 청운1길 48 (쇄운동) 메가커피 ,동해쇄운점,메가커피
경상남도 진주시 정촌면 삼일로72번길 12 1층 ,진주정촌점,메가커피
강원도 동해시 천곡로 14,동해천곡점,메가커피
전라남도 진도군 진도읍 남문길 35 . ,진도중앙점,메가커피
"강원도 동해시 하평로 72 (평릉동, 수디자인빌딩) . ",동해평릉점,메가커피
강원도 동해시 대학로 20 (천곡동) 메가커피 ,동해시청점,메가커피
경상남도 진주시 문산읍 월아산로 1075 메가커피 ,진주문산점,메가커피
경상북도 경산시 진량읍 대구대로 244 1층 1층메가커피 ,대구대학점,메가커피
강원도 삼척시 진주로 26,삼척중앙점,메가커피
경상남도 사천시 정동면 정동중앙로 16-13 (고읍리)1층 ,사천정동점,메가커피
경상남도 사천시 사남면 조동길 38 (월성리)1층103호 ,경남사천점,메가커피
경상남도 사천시 사남면 진삼로 1102 (화전리)1층 ,사천사남점,메가커피
강원도 삼척시 정상로 73 1층(교동) ,삼척교동중앙점,메가커피
경상북도 영천시 충효로 75-2 (문외동) ,영천시청점,메가커피
전라남도 여수시 화산로 131 1층(화장동) ,여수무선점,메가커피
경상남도 함안군 가야읍 가야로 86-1 메가커피 ,함안점,메가커피
전라남도 여수시 소라면 죽림로 11 메가커피 ,여수죽림점,메가커피
전라남도 여수시 쌍봉로 36-1 1층(학동) ,여수여천점,메가커피
전라남도 고흥군 고흥읍 봉황길 45 ,고흥중앙점,메가커피
"전라남도 고흥군 고흥읍 봉황길 45, 102호 ",고흥중앙점,메가커피
전라남도 여수시 시청동3길 10 0층 ,여수학동점,메가커피
전라남도 여수시 새터로 64 (신기동) 메가커피 ,여수신기점,메가커피
전라남도 여수시 만성로 69 (미평동) 메가커피 ,여수미평점,메가커피
전라남도 여수시 예울마루로 41,여수웅천점,메가커피
"전라남도 여수시 예울마루로 41, 1층 101호 1층 101호 ",여수웅천점,메가커피
전라남도 여수시 여문2로 83 . ,여수문수점,메가커피
전라남도 고흥군 도양읍 비봉로 163 ,고흥녹동점,메가커피
전라남도 여수시 여서로 168-1 메가커피 ,여수여서점,메가커피
경상남도 함안군 칠원읍 원서로 25 ,칠원점,메가커피
"전라남도 여수시 진남상가길 38, 1,2층 (교동) ",여수교동점,메가커피
전라남도 여수시 진남상가길 38 메가커피(여수교동점) ,여수교동점,메가커피
경상남도 사천시 주공로 42 (벌리동수은빌딩)1층 ,경남삼천포점,메가커피
경상남도 창원시 마산회원구 내서읍 광려천북로 184 ,내서호계점,메가커피
경상남도 창원시 의창구 북면 무동로226번길 18 메가커피 ,창원무동점,메가커피
경상남도 밀양시 삼문중앙로 40,밀양삼문점,메가커피
경상남도 창원시 의창구 북면 감계로 306 101-1호(MG빌딩) ,창원감계점,메가커피
경상남도 창원시 마산합포구 용마로 90 1층 ,마산산호점,메가커피
경상남도 창원시 마산합포구 중앙동로 18 ,합포구청점,메가커피
전라남도 완도군 완도읍 장보고대로 198 ,완도중앙점,메가커피
경상남도 창원시 의창구 도계로 57 104호(도계동도계중앙빌딩) ,창원도계점,메가커피
경상남도 창원시 의창구 중동남로 92 (도계동) 메가커피 ,유니시티점,메가커피
"경상남도 창원시 마산합포구 월영남로 43 (월영동, 동아1차아파트) 메가커피 ",월영동아점,메가커피
경상남도 고성군 고성읍 중앙로25번길 76 (송학리)1층 ,고성점,메가커피
경상남도 창원시 마산합포구 가포순환로 33 ,창원월영애시앙점,메가커피
경상북도 영덕군 영덕읍 중앙길 110 . ,영덕중앙점,메가커피
"경상남도 창원시 의창구 창원대로397번길 11 (팔용동, 힐스테이트 아티움시티) 메가커피 ",창원아티움시티점,메가커피
"경상남도 창원시 마산합포구 현동4길 5, 1층 1092호 ",마산현동점,메가커피
경상남도 김해시 진영읍 김해대로361번길 13 ,김해진영점,메가커피
경상남도 창원시 성산구 창원천로 292 목욕탕상가동101호 ,창원봉곡점,메가커피
경상남도 창원시 성산구 원이대로 668 1층5호(상남동) ,창원상남점,메가커피
경상남도 창원시 성산구 창이대로 692번길 5 ,창원법원점,메가커피
"경상남도 창원시 성산구 가음정로43번길 1 1층 104호(가음동, 가음정빌딩) ",음정점,메가커피
경상북도 경주시 황성로 15 (황성동) 메가커피 ,경주황성점,메가커피
경상남도 창원시 성산구 가양로 97 ,남양점,메가커피
경상북도 경주시 용황구획4길 35 (용강동)1층(에이치프라자1층103호) ,경주용황점,메가커피
경상북도 포항시 북구 흥해읍 흥해로 42 (남성리)1층 ,포항흥해점,메가커피
경상북도 포항시 남구 지곡로 257 (지곡동)101동1층117호 ,포항지곡점,메가커피
경상북도 포항시 남구 연일읍 유강길17번길 5 (유강리)1층 ,포항유강점,메가커피
경상남도 창원시 성산구 창원대로 1310 ,불모산점,메가커피
경상북도 포항시 남구 포스코대로 141 (이동) 메가커피 ,포항이동점,메가커피
경상북도 포항시 남구 대이로 50 (대잠동)1층 ,포항시청점,메가커피
경상북도 포항시 북구 우창로 4 (우현동)1층 ,포항우현점,메가커피
경상북도 포항시 남구 효성로 27 (효자동)1층 ,포항효자점,메가커피
경상북도 포항시 북구 중흥로 131 (죽도동)1층 ,포항쌍용사거리점,메가커피
경상북도 포항시 북구 중앙상가2길 13-1 ,포항중앙점,메가커피
경상북도 포항시 북구 두호로 30 (두호동)1층 ,포항두호점,메가커피
경상북도 포항시 남구 연일읍 철강로25번길 47 1층 ,포항연일점,메가커피
경상북도 포항시 북구 천마로90번길 3 (양덕동)1층 ,포항양덕점,메가커피
경상남도 통영시 광도면 죽림2로 55-69 (죽림리)101호(피아빌딩) ,통영죽림점,메가커피
경상남도 김해시 가야로30번길 13-13 106호 ,김해가야대역점,메가커피
경상남도 김해시 주촌면 천곡로 18 메가커피 ,주촌센텀위브점,메가커피
경상남도 김해시 번화1로80번길 15 1층107호(대청동다성빌딩) ,김해장유점,메가커피
경상남도 김해시 장유로 232 (부곡동) 메가커피 ,장유코아점,메가커피
"경상남도 김해시 삼계중앙로 39 103호(삼계동, 솔리드빌딩) ",김해삼계점,메가커피
경상남도 통영시 무전8길 22-16 (무전동진우하이빌2차)상가동1층102호 ,통영무전점,메가커피
경상남도 김해시 금관대로 1368번길 12 1층 ,김해연지공원점,메가커피
경상남도 김해시 내외중앙로 53 (내동) 메가커피 ,김해내동점,메가커피
경상남도 통영시 해미당5길 5 (북신동)1층 ,통영북신점,메가커피
경상남도 통영시 통영해안로 363,통영동피랑점,메가커피
경상남도 김해시 율하3로 42 (율하동) 메가MGC커피(율하중앙점) ,율하중앙점,메가커피
경상북도 포항시 남구 오천읍 남원로 83 (1차부영아파트) 메가커피 ,포항문덕점,메가커피
"경상남도 김해시 율하숲길 21 104호(장유동, 로하스디딤빌딩) ",율하2지구점,메가커피
"경상남도 김해시 인제로 184, 1층(어방동) ",김해인제대점,메가커피
경상북도 포항시 남구 오천읍 정몽주로 651 (용덕리)1층 ,포항오천점,메가커피
경상남도 김해시 김해대로2492번길 20 (삼정동) 메가커피 ,김해메가마트점,메가커피
부산광역시 강서구 과학산단로 349 (지사동) 메가커피 ,지사동점,메가커피
경상남도 양산시 물금읍 범구로 14 ,양산범어점,메가커피
경상남도 양산시 물금읍 범구로 14 M동8호 ,양산범어점,메가커피
경상남도 양산시 물금읍 증산역로 177 1-201호(라피에스타) ,양산증산역점,메가커피
경상남도 양산시 동면 내송리 산33-3 . ,양산사송점,메가커피
경상남도 거제시 중곡로 43 (고현동)1층 ,거제중곡점,메가커피
경상남도 거제시 거제중앙로 1919 A상가1층 ,거제고현점,메가커피
경상남도 거제시 동문천로 61 101호(고현동) ,거제계룡점,메가커피
경상남도 거제시 수양로 442 (수월동거제자이)거제자이상가1동102호1층 ,거제수월점,메가커피
부산광역시 북구 화명신도시로 132,화명점,메가커피
부산광역시 북구 금곡대로 287 (화명동) 메가커피 ,화명역점,메가커피
"경상남도 양산시 삼호1길 45 1층(삼호동, K&C아울렛) ",서창점,메가커피
부산광역시 북구 백양대로 1189 1층 ,구포시장점,메가커피
경상남도 거제시 상동5길 117-40 (상동동) 메가커피 ,거제상동점,메가커피
부산광역시 강서구 명지국제7로 37,부산명지더샵점,메가커피
울산광역시 북구 매산로 35 (매곡동) 메가커피 ,울산매곡점,메가커피
부산광역시 사상구 광장로20번길 14,부산사상산업단지점,메가커피
부산광역시 강서구 명지1동 3511-4 메가커피 ,부산명지점,메가커피
부산광역시 사상구 사상로 196 (괘법동한빛빌딩)1층 ,사상터미널점,메가커피
부산광역시 북구 만덕1로 13(만덕동) 메가MGC커피(만덕점) ,만덕점,메가커피
울산광역시 중구 만남의거리 26 (성남동) 메가커피 ,울산성남점,메가커피
부산광역시 사상구 대동로 103,학장점,메가커피
부산광역시 사하구 하신번영로 395 1층 107-2호(하단동) ,하단SK뷰점,메가커피
울산광역시 중구 번영로 475 1층(복산동) ,홈플러스울산점,메가커피
부산광역시 사상구 백양대로 438 메가커피 ,주례보훈병원점,메가커피
"부산광역시 금정구 부곡온천천로 190 (부곡동, 퀸즈더블유장전역) 메가커피 ",금정구청점,메가커피
부산광역시 사상구 가야대로318번길 14 메가커피 ,주례삼선병원점,메가커피
"부산광역시 금정구 부곡온천천로 190, 상가동 106호 ",금정구청점,메가커피
부산광역시 금정구 중앙대로1719번길 9 메가커피(장전역점) ,장전역점,메가커피
부산광역시 동래구 금정마을로 150,부산동래래미안아이파크점,메가커피
"울산광역시 북구 박상진3로 55, 상가2동 지상 1층 203호  (송정동) ",울산송정점,메가커피
울산광역시 북구 화봉로 58,울산화봉점,메가커피
부산광역시 동래구 사직북로47번길 20,사직점,메가커피
부산광역시 금정구 금정로68번길 41 (장전동청송아파트)1층 ,부산대점,메가커피
부산광역시 사상구 가야대로 358 (주례동동서메디칼의원다비치안경)1층 ,동서대점,메가커피
부산광역시 동래구 온천장로 125 1층 ,허심청점,메가커피
부산광역시 사하구 당리동 136-0 메가커피 ,당리점,메가커피
부산광역시 동래구 온천장로 52 1층(온천동) ,온천장점,메가커피
부산광역시 동래구 온천동 479-7 메가커피 ,동래롯데점,메가커피
부산광역시 부산진구 엄광로 27,개금현대점,메가커피
부산광역시 동래구 아시아드대로 145 (사직동) 메가커피 ,사직역점,메가커피
부산광역시 부산진구 가야대로 480-1 1층우측(개금동) ,개금시장점,메가커피
부산광역시 금정구 부곡로 108 (부곡동) . ,부산부곡점,메가커피
"부산광역시 부산진구 초연로 6 (초읍동, 포레나부산초읍아파트) 메가커피 ",포레나점,메가커피
부산광역시 부산진구 가야대로498번길 28-3 1층(가야동) ,야홈플러스점,메가커피
부산광역시 부산진구 동평로 92,당감점,메가커피
부산광역시 부산진구 성지로 ,부산어린이대공원점,메가커피
부산광역시 연제구 아시아드대로 92 . ,거제홈타운점,메가커피
울산광역시 북구 명촌로 81,울산명촌점,메가커피
부산광역시 동래구 명륜로 129번길 35 1층(명륜동) ,동래점,메가커피
부산광역시 사하구 장평로 448 (괴정동) ,괴정점,메가커피
부산광역시 부산진구 시민공원로 11 . ,부산진구청점,메가커피
부산광역시 부산진구 시민공원로 11,부산진구청점,메가커피
부산광역시 동래구 충렬대로 249,동래시장점,메가커피
부산광역시 연제구 거제시장로14번길 28 (거제동) 메가커피 ,부산시청점,메가커피
부산광역시 사하구 사하로 184 메가커피 ,괴정역점,메가커피
부산광역시 동래구 온천천로339번길 51 202동1층24호(낙민동동래꿈에그린아파트) ,부산낙민점,메가커피
부산광역시 강서구 유통단지1로 50,서부산유통지구점,메가커피
부산광역시 부산진구 부전로66번길 4 1층 ,서면롯데호텔점,메가커피
부산광역시 금정구 공단로 ,부산금사공단점,메가커피
부산광역시 부산진구 가야대로784번길 11 (부전동)1층 ,서면롯데점,메가커피
부산광역시 연제구 월드컵대로 75,연산점,메가커피
부산광역시 부산진구 서면로 30 (부전동) 메가커피 ,서면일번가점,메가커피
"부산광역시 연제구 신금로25 1층 149호 (연산동, 노블레스스퀘어) ",연산파크시티점,메가커피
부산광역시 동래구 명장로48번길 13 메가커피 ,명장점,메가커피
부산광역시 부산진구 중앙대로692번길 26 (부전동) 메가커피 ,서면점,메가커피
부산광역시 부산진구 황령대로 23 (범천동세운이노빌)1층102호 ,범천점,메가커피
부산광역시 동래구 안남로 108,온천천점,메가커피
부산광역시 동래구 안남로 108 . ,온천천점,메가커피
부산광역시 동래구 안락로 136-2 (안락동) 메가커피 ,안락점,메가커피
부산광역시 동구 고관로 95-1 . ,부산동구청점,메가커피
부산광역시 동래구 충렬대로459번길 33 1층(안락동) ,안락sk점,메가커피
부산광역시 사하구 다송로72번길 67 . ,부산다대낫개점,메가커피
부산광역시 동구 초량중로 94 (초량동) 메가커피 ,초량점,메가커피
부산광역시 동구 범일로102번길 13 (범일동)1층 ,범일동점,메가커피
부산광역시 해운대구 선수촌로 80 (반여동) 메가커피 ,부산아시아드선수촌점,메가커피
울산광역시 울주군 온산읍 덕남로 45 메가커피 ,울산온산점,메가커피
강원도 강릉시 선수촌로63번길 14-16 (홍제동) . ,강릉유천지구점,메가커피
부산광역시 동구 중앙대로 181 1층(초량동) ,부산차이나타운점,메가커피
부산광역시 중구 보수대로 16 1층(부평동2가) ,서구청점,메가커피
부산광역시 중구 광복중앙로 33 (신창동1가) 메가커피 ,부산광복2호점,메가커피
부산광역시 중구 광복중앙로 ,부산광복2호점,메가커피
부산광역시 남구 고동골로 42-1 (문현동) 메가커피 ,문현점,메가커피
부산광역시 해운대구 해운대로76번길 44,센텀재송점,메가커피
부산광역시 수영구 망미로30번길 38,망미점,메가커피
부산광역시 해운대구 재반로 230-1 (반여동스타게임랜드)1층 ,반여점,메가커피
"부산광역시 해운대구 센텀동로 123 (재송동, 더샵센텀스타아파트) 메가커피 ",센텀점,메가커피
부산광역시 남구 못골로41번길 13 205동 106호 ,못골점,메가커피
부산광역시 영도구 남항로41번길 1 (남항동1가)1층 ,부산남항점,메가커피
부산광역시 수영구 수영로 654 . ,부산수영점,메가커피
부산광역시 해운대구 센텀중앙로 90,부산센텀큐비점,메가커피
부산광역시 수영구 무학로63번길 142 401동108호(민락동센텀비스타동원2차) ,센텀비스타점,메가커피
부산광역시 수영구 수영로603번길 4 (광안동)1층 ,광안시장점,메가커피
부산광역시 남구 우암로 154번길 44 1층(우암동) ,우암점,메가커피
부산광역시 수영구 호암로29번길 61 (광안동) ,광안자이점,메가커피
부산광역시 남구 수영로262 1층 (대연동) ,대연점,메가커피
부산광역시 남구 석포로 24 1층(감만동) ,감만점,메가커피
"부산광역시 수영구 광안로45번길 2 (광안동, 광안비취빌리지) 메가커피 ",광안역점,메가커피
부산광역시 남구 용소로14번길 23 (대연동)1층105호 ,부산경성대점,메가커피
부산광역시 수영구 광남로48번길 5 1층(남천동) ,수영구청점,메가커피
부산광역시 수영구 광안해변로278번길 42,광안오션브릿지점,메가커피
부산광역시 기장군 일광읍 해빛1로 74 ,부산일광골드점,메가커피
부산광역시 기장군 기장읍 차성동로 63 ,기장시장점,메가커피
부산광역시 남구 용호로 138 메가커피 ,용호점,메가커피
울산광역시 동구 화문로 63,울산꽃바위점,메가커피
부산광역시 해운대구 구남로 45 1층(중동) ,해운대해변점,메가커피
부산광역시 해운대구 중동1로 35 1층(중동) ,해운대시장점,메가커피
부산광역시 해운대구 대천로106번길 29 (좌동) 메가커피 ,좌동재래시장점,메가커피
"부산광역시 해운대구 좌동순환로 505, 105호 일부 ",해운대중동이마트점,메가커피
부산광역시 해운대구 세실로 35,부산해운대그린시티점,메가커피
부산광역시 해운대구 해운대로 813 메가커피 ,해운대NC점,메가커피
부산광역시 해운대구 좌동 1307 메가커피 ,해운대백병원점,메가커피
부산광역시 해운대구 달맞이길50번길 26 (중동) 메가커피 ,해운대미포점,메가커피
부산광역시 해운대구 송정해변로 50 (송정동)1층5호 ,부산송정점,메가커피
제주특별자치도 제주시 조천읍 조함해안로 528 1층 ,제주함덕해수욕장점,메가커피
제주특별자치도 제주시 서해안로 242 (도두일동) ,제주무지개해안점,메가커피
제주특별자치도 제주시 관덕로 65 1층 101호 (일도일동) ,제주동문시장점,메가커피
제주특별자치도 제주시 건주로 33 (도련일동) 메가커피 ,제주삼화지구점,메가커피
제주특별자치도 제주시 화삼로 19 . ,제주삼화초점,메가커피
제주특별자치도 제주시 고마로 99,제주일도점,메가커피
제주특별자치도 제주시 일주서로 7281 1층 ,제주일주서로점,메가커피
제주특별자치도 서귀포시 중앙로199 1층 3호(서홍동) ,제주서홍점,메가커피
"제주특별자치도 제주시 우정로 50, 1층 103호 ",제주외도점,메가커피
제주특별자치도 제주시 남녕로 32 . ,제주남녕점,메가커피
제주특별자치도 제주시 도령로 ,제주롯데시티점,메가커피
제주특별자치도 제주시 신대로7길 3 1층(연동) ,제주도청점,메가커피
제주특별자치도 제주시 중앙로 293 1층(이도이동) ,제주이도점,메가커피
제주특별자치도 제주시 월랑로8길 1,제주노형점,메가커피
제주특별자치도 제주시 노연로 89 (연동) . ,신제주점,메가커피
제주특별자치도 제주시 선덕로 ,제주중앙중점,메가커피
제주특별자치도 제주시 번영로 475 (봉개동) 메가커피 ,제주봉개점,메가커피
제주특별자치도 제주시 과원북2길 48,제주연동점,메가커피
제주특별자치도 제주시 한라대학로 82 . ,제주한라대점,메가커피
제주특별자치도 제주시 중앙로 564 (아라일동) 메가커피 ,제주아라점,메가커피
제주특별자치도 제주시 제주대학로 107 (아라이동) 메가커피 ,제주대점,메가커피
제주특별자치도 서귀포시 안덕면 한창로 599 ,제주동광육거리점,메가커피
제주특별자치도 서귀포시 표선면 표선동서로 252 . ,제주표선점,메가커피
제주특별자치도 서귀포시 516로 188 1층(토평동) ,제주516도로점,메가커피
제주특별자치도 서귀포시 중문동 2119-1 메가커피 ,제주중문점,메가커피
제주특별자치도 서귀포시 남원읍 남원리 119-3 메가커피 ,제주남원점,메가커피
제주특별자치도 서귀포시 대청로 34 (강정동)1층 ,제주혁신도시점,메가커피
제주특별자치도 서귀포시 일주동로 8840 (서홍동) . ,서귀포여중점,메가커피
제주특별자치도 서귀포시 일주동로 8088,서귀포효돈점,메가커피
제주특별자치도 서귀포시 동홍동 511-23 1층 ,제주동홍점,메가커피
제주특별자치도 서귀포시 중앙로 56 (서귀동)1층 ,제주서귀중앙점,메가커피
제주특별자치도 서귀포시 태평로 488 (동홍동) ,제주동홍중앙점,메가커피
제주특별자치도 서귀포시 대정읍 송악관광로 421-1 1층 ,제주송악산점,메가커피
